file,training_samples,epoch,loss,test_step_acc,test_trace_acc
/workspaces/Automata_SSM_Learning/TestSet/benchmarks/tlsf_3/tsl_paper/EscalatorSmart.tlsf,10000,0,0.6992,0.0,0.0
/workspaces/Automata_SSM_Learning/TestSet/benchmarks/tlsf_3/tsl_paper/EscalatorSmart.tlsf,10000,100,0.4472,0.4119,0.0
/workspaces/Automata_SSM_Learning/TestSet/benchmarks/tlsf_3/tsl_paper/EscalatorSmart.tlsf,10000,200,0.3661,0.5777,0.0
/workspaces/Automata_SSM_Learning/TestSet/benchmarks/tlsf_3/tsl_paper/EscalatorSmart.tlsf,10000,300,0.3197,0.6266,0.0
/workspaces/Automata_SSM_Learning/TestSet/benchmarks/tlsf_3/tsl_paper/EscalatorSmart.tlsf,10000,400,0.3007,0.6441,0.0
/workspaces/Automata_SSM_Learning/TestSet/benchmarks/tlsf_3/tsl_paper/EscalatorSmart.tlsf,10000,500,0.292,0.6464,0.001
/workspaces/Automata_SSM_Learning/TestSet/benchmarks/tlsf_3/tsl_paper/EscalatorSmart.tlsf,10000,600,0.2845,0.6532,0.001
/workspaces/Automata_SSM_Learning/TestSet/benchmarks/tlsf_3/tsl_paper/EscalatorSmart.tlsf,10000,700,0.2743,0.6643,0.0
/workspaces/Automata_SSM_Learning/TestSet/benchmarks/tlsf_3/tsl_paper/EscalatorSmart.tlsf,10000,800,0.2655,0.6767,0.0
/workspaces/Automata_SSM_Learning/TestSet/benchmarks/tlsf_3/tsl_paper/EscalatorSmart.tlsf,10000,900,0.2594,0.6813,0.0
/workspaces/Automata_SSM_Learning/TestSet/benchmarks/tlsf_4/chain-simple-5-real.tlsf,10000,0,0.6996,0.0,0.0
/workspaces/Automata_SSM_Learning/TestSet/benchmarks/tlsf_4/chain-simple-5-real.tlsf,10000,100,0.2397,0.7964,0.008
/workspaces/Automata_SSM_Learning/TestSet/benchmarks/tlsf_4/chain-simple-5-real.tlsf,10000,200,0.1366,0.8737,0.074
/workspaces/Automata_SSM_Learning/TestSet/benchmarks/tlsf_4/chain-simple-5-real.tlsf,10000,300,0.0803,0.9756,0.641
/workspaces/Automata_SSM_Learning/TestSet/benchmarks/tlsf_4/chain-simple-5-real.tlsf,10000,400,0.0368,0.994,0.889
/workspaces/Automata_SSM_Learning/TestSet/benchmarks/tlsf_4/chain-simple-5-real.tlsf,10000,500,0.0212,0.9966,0.936
/workspaces/Automata_SSM_Learning/TestSet/benchmarks/tlsf_4/chain-simple-5-real.tlsf,10000,600,0.0147,0.9971,0.947
/workspaces/Automata_SSM_Learning/TestSet/benchmarks/tlsf_4/chain-simple-5-real.tlsf,10000,700,0.0114,0.9975,0.954
/workspaces/Automata_SSM_Learning/TestSet/benchmarks/tlsf_4/chain-simple-5-real.tlsf,10000,800,0.0095,0.9976,0.955
/workspaces/Automata_SSM_Learning/TestSet/benchmarks/tlsf_4/chain-simple-5-real.tlsf,10000,900,0.0082,0.9978,0.96
/workspaces/Automata_SSM_Learning/TestSet/benchmarks/tlsf/ltl2dpa/ltl2dpa24.tlsf,10000,0,0.7003,0.0,0.0
/workspaces/Automata_SSM_Learning/TestSet/benchmarks/tlsf/ltl2dpa/ltl2dpa24.tlsf,10000,100,0.2615,0.9201,0.287
/workspaces/Automata_SSM_Learning/TestSet/benchmarks/tlsf/ltl2dpa/ltl2dpa24.tlsf,10000,200,0.0128,1.0,1.0
/workspaces/Automata_SSM_Learning/TestSet/benchmarks/tlsf/ltl2dba/non_parametric_from_acacia/ltl2dba13.tlsf,10000,0,0.6671,0.9511,0.514
/workspaces/Automata_SSM_Learning/TestSet/benchmarks/tlsf/ltl2dba/non_parametric_from_acacia/ltl2dba13.tlsf,10000,100,0.0727,0.9872,0.881
/workspaces/Automata_SSM_Learning/TestSet/benchmarks/tlsf/ltl2dba/non_parametric_from_acacia/ltl2dba13.tlsf,10000,200,0.0285,0.9998,0.997
/workspaces/Automata_SSM_Learning/TestSet/benchmarks/tlsf/ltl2dba/non_parametric_from_acacia/ltl2dba13.tlsf,10000,300,0.0136,0.9998,0.995
/workspaces/Automata_SSM_Learning/TestSet/benchmarks/tlsf/ltl2dba/non_parametric_from_acacia/ltl2dba13.tlsf,10000,400,0.0065,1.0,0.999
/workspaces/Automata_SSM_Learning/TestSet/benchmarks/tlsf/ltl2dba/non_parametric_from_acacia/ltl2dba13.tlsf,10000,500,0.0036,1.0,1.0
/workspaces/Automata_SSM_Learning/TestSet/benchmarks/tlsf_3/tsl_paper/TorcsSteeringSimple.tlsf,10000,0,0.7111,0.0,0.0
/workspaces/Automata_SSM_Learning/TestSet/benchmarks/tlsf_3/tsl_paper/TorcsSteeringSimple.tlsf,10000,100,0.4586,0.4546,0.0
/workspaces/Automata_SSM_Learning/TestSet/benchmarks/tlsf_3/tsl_paper/TorcsSteeringSimple.tlsf,10000,200,0.3527,0.6775,0.002
/workspaces/Automata_SSM_Learning/TestSet/benchmarks/tlsf_3/tsl_paper/TorcsSteeringSimple.tlsf,10000,300,0.3297,0.6645,0.002
/workspaces/Automata_SSM_Learning/TestSet/benchmarks/tlsf_3/tsl_paper/TorcsSteeringSimple.tlsf,10000,400,0.3234,0.6449,0.002
/workspaces/Automata_SSM_Learning/TestSet/benchmarks/tlsf_3/tsl_paper/TorcsSteeringSimple.tlsf,10000,500,0.3208,0.6442,0.002
/workspaces/Automata_SSM_Learning/TestSet/benchmarks/tlsf_3/tsl_paper/TorcsSteeringSimple.tlsf,10000,600,0.3194,0.6427,0.002
/workspaces/Automata_SSM_Learning/TestSet/benchmarks/tlsf_3/tsl_paper/TorcsSteeringSimple.tlsf,10000,700,0.3184,0.6427,0.002
/workspaces/Automata_SSM_Learning/TestSet/benchmarks/tlsf_3/tsl_paper/TorcsSteeringSimple.tlsf,10000,800,0.3178,0.6426,0.002
/workspaces/Automata_SSM_Learning/TestSet/benchmarks/tlsf_3/tsl_paper/TorcsSteeringSimple.tlsf,10000,900,0.3175,0.6426,0.002
/workspaces/Automata_SSM_Learning/TestSet/benchmarks/tlsf/collector/parametric/collector_v3.tlsf,10000,0,0.6898,0.6774,0.014
/workspaces/Automata_SSM_Learning/TestSet/benchmarks/tlsf/collector/parametric/collector_v3.tlsf,10000,100,0.5741,0.6827,0.001
/workspaces/Automata_SSM_Learning/TestSet/benchmarks/tlsf/collector/parametric/collector_v3.tlsf,10000,200,0.4958,0.7891,0.076
/workspaces/Automata_SSM_Learning/TestSet/benchmarks/tlsf/collector/parametric/collector_v3.tlsf,10000,300,0.2813,0.9289,0.308
/workspaces/Automata_SSM_Learning/TestSet/benchmarks/tlsf/collector/parametric/collector_v3.tlsf,10000,400,0.1872,0.9465,0.475
/workspaces/Automata_SSM_Learning/TestSet/benchmarks/tlsf/collector/parametric/collector_v3.tlsf,10000,500,0.1152,0.949,0.523
/workspaces/Automata_SSM_Learning/TestSet/benchmarks/tlsf/collector/parametric/collector_v3.tlsf,10000,600,0.043,0.9981,0.962
/workspaces/Automata_SSM_Learning/TestSet/benchmarks/tlsf/collector/parametric/collector_v3.tlsf,10000,700,0.0202,0.999,0.98
/workspaces/Automata_SSM_Learning/TestSet/benchmarks/tlsf/collector/parametric/collector_v3.tlsf,10000,800,0.0122,0.999,0.98
/workspaces/Automata_SSM_Learning/TestSet/benchmarks/tlsf/collector/parametric/collector_v3.tlsf,10000,900,0.0083,1.0,1.0
/workspaces/Automata_SSM_Learning/TestSet/benchmarks/tlsf_3/tsl_paper/KitchenTimerV1.tlsf,10000,0,0.6958,0.0,0.0
/workspaces/Automata_SSM_Learning/TestSet/benchmarks/tlsf_3/tsl_paper/KitchenTimerV1.tlsf,10000,100,0.341,0.3762,0.0
/workspaces/Automata_SSM_Learning/TestSet/benchmarks/tlsf_3/tsl_paper/KitchenTimerV1.tlsf,10000,200,0.2361,0.6438,0.0
/workspaces/Automata_SSM_Learning/TestSet/benchmarks/tlsf_3/tsl_paper/KitchenTimerV1.tlsf,10000,300,0.1316,0.7131,0.0
/workspaces/Automata_SSM_Learning/TestSet/benchmarks/tlsf_3/tsl_paper/KitchenTimerV1.tlsf,10000,400,0.0752,0.9912,0.841
/workspaces/Automata_SSM_Learning/TestSet/benchmarks/tlsf_3/tsl_paper/KitchenTimerV1.tlsf,10000,500,0.0465,1.0,1.0
/workspaces/Automata_SSM_Learning/TestSet/benchmarks/tlsf_4/chain-simple-60-real.tlsf,10000,0,0.7189,0.2029,0.0
/workspaces/Automata_SSM_Learning/TestSet/benchmarks/tlsf_4/chain-simple-60-real.tlsf,10000,100,0.2403,0.7971,0.006
/workspaces/Automata_SSM_Learning/TestSet/benchmarks/tlsf_4/chain-simple-60-real.tlsf,10000,200,0.1476,0.8607,0.035
/workspaces/Automata_SSM_Learning/TestSet/benchmarks/tlsf_4/chain-simple-60-real.tlsf,10000,300,0.099,0.9529,0.359
/workspaces/Automata_SSM_Learning/TestSet/benchmarks/tlsf_4/chain-simple-60-real.tlsf,10000,400,0.0576,0.9802,0.693
/workspaces/Automata_SSM_Learning/TestSet/benchmarks/tlsf_4/chain-simple-60-real.tlsf,10000,500,0.0301,0.9926,0.876
/workspaces/Automata_SSM_Learning/TestSet/benchmarks/tlsf_4/chain-simple-60-real.tlsf,10000,600,0.0189,0.9948,0.908
/workspaces/Automata_SSM_Learning/TestSet/benchmarks/tlsf_4/chain-simple-60-real.tlsf,10000,700,0.0137,0.9959,0.929
/workspaces/Automata_SSM_Learning/TestSet/benchmarks/tlsf_4/chain-simple-60-real.tlsf,10000,800,0.0107,0.9963,0.935
/workspaces/Automata_SSM_Learning/TestSet/benchmarks/tlsf_4/chain-simple-60-real.tlsf,10000,900,0.0089,0.9968,0.944
/workspaces/Automata_SSM_Learning/TestSet/benchmarks/tlsf/ltl_with_hints/parametric/simple_arbiter_with_hints.tlsf,10000,0,0.6719,0.0,0.0
/workspaces/Automata_SSM_Learning/TestSet/benchmarks/tlsf/ltl_with_hints/parametric/simple_arbiter_with_hints.tlsf,10000,100,0.3505,0.0027,0.0
/workspaces/Automata_SSM_Learning/TestSet/benchmarks/tlsf/ltl_with_hints/parametric/simple_arbiter_with_hints.tlsf,10000,200,0.349,0.0027,0.0
/workspaces/Automata_SSM_Learning/TestSet/benchmarks/tlsf/ltl_with_hints/parametric/simple_arbiter_with_hints.tlsf,10000,300,0.3484,0.0027,0.0
/workspaces/Automata_SSM_Learning/TestSet/benchmarks/tlsf/ltl_with_hints/parametric/simple_arbiter_with_hints.tlsf,10000,400,0.348,0.0027,0.0
/workspaces/Automata_SSM_Learning/TestSet/benchmarks/tlsf/ltl_with_hints/parametric/simple_arbiter_with_hints.tlsf,10000,500,0.3476,0.0027,0.0
/workspaces/Automata_SSM_Learning/TestSet/benchmarks/tlsf/ltl_with_hints/parametric/simple_arbiter_with_hints.tlsf,10000,600,0.347,0.0027,0.0
/workspaces/Automata_SSM_Learning/TestSet/benchmarks/tlsf/ltl_with_hints/parametric/simple_arbiter_with_hints.tlsf,10000,700,0.3464,0.0027,0.0
/workspaces/Automata_SSM_Learning/TestSet/benchmarks/tlsf/ltl_with_hints/parametric/simple_arbiter_with_hints.tlsf,10000,800,0.3457,0.0027,0.0
/workspaces/Automata_SSM_Learning/TestSet/benchmarks/tlsf/ltl_with_hints/parametric/simple_arbiter_with_hints.tlsf,10000,900,0.3449,0.0027,0.0
/workspaces/Automata_SSM_Learning/TestSet/benchmarks/tlsf_2/sweap/unordered-visits-real.tlsf,10000,0,0.687,0.0247,0.0
/workspaces/Automata_SSM_Learning/TestSet/benchmarks/tlsf_2/sweap/unordered-visits-real.tlsf,10000,100,0.3979,0.6274,0.0
/workspaces/Automata_SSM_Learning/TestSet/benchmarks/tlsf_2/sweap/unordered-visits-real.tlsf,10000,200,0.326,0.6608,0.0
/workspaces/Automata_SSM_Learning/TestSet/benchmarks/tlsf_2/sweap/unordered-visits-real.tlsf,10000,300,0.2908,0.7403,0.003
/workspaces/Automata_SSM_Learning/TestSet/benchmarks/tlsf_2/sweap/unordered-visits-real.tlsf,10000,400,0.2587,0.77,0.002
/workspaces/Automata_SSM_Learning/TestSet/benchmarks/tlsf_2/sweap/unordered-visits-real.tlsf,10000,500,0.2363,0.7772,0.004
/workspaces/Automata_SSM_Learning/TestSet/benchmarks/tlsf_2/sweap/unordered-visits-real.tlsf,10000,600,0.2188,0.7834,0.005
/workspaces/Automata_SSM_Learning/TestSet/benchmarks/tlsf_2/sweap/unordered-visits-real.tlsf,10000,700,0.2044,0.7893,0.005
/workspaces/Automata_SSM_Learning/TestSet/benchmarks/tlsf_2/sweap/unordered-visits-real.tlsf,10000,800,0.1925,0.7937,0.003
/workspaces/Automata_SSM_Learning/TestSet/benchmarks/tlsf_2/sweap/unordered-visits-real.tlsf,10000,900,0.1823,0.8084,0.006
/workspaces/Automata_SSM_Learning/TestSet/benchmarks/tlsf_2/sweap/box-limited-real.tlsf,10000,0,0.6548,0.7403,0.001
/workspaces/Automata_SSM_Learning/TestSet/benchmarks/tlsf_2/sweap/box-limited-real.tlsf,10000,100,0.2592,0.7403,0.001
/workspaces/Automata_SSM_Learning/TestSet/benchmarks/tlsf_2/sweap/box-limited-real.tlsf,10000,200,0.1972,0.7649,0.001
/workspaces/Automata_SSM_Learning/TestSet/benchmarks/tlsf_2/sweap/box-limited-real.tlsf,10000,300,0.1832,0.7629,0.006
/workspaces/Automata_SSM_Learning/TestSet/benchmarks/tlsf_2/sweap/box-limited-real.tlsf,10000,400,0.1748,0.7611,0.003
/workspaces/Automata_SSM_Learning/TestSet/benchmarks/tlsf_2/sweap/box-limited-real.tlsf,10000,500,0.1702,0.7613,0.001
/workspaces/Automata_SSM_Learning/TestSet/benchmarks/tlsf_2/sweap/box-limited-real.tlsf,10000,600,0.1683,0.7617,0.005
/workspaces/Automata_SSM_Learning/TestSet/benchmarks/tlsf_2/sweap/box-limited-real.tlsf,10000,700,0.1672,0.7628,0.007
/workspaces/Automata_SSM_Learning/TestSet/benchmarks/tlsf_2/sweap/box-limited-real.tlsf,10000,800,0.1666,0.7629,0.007
/workspaces/Automata_SSM_Learning/TestSet/benchmarks/tlsf_2/sweap/box-limited-real.tlsf,10000,900,0.1662,0.762,0.006
/workspaces/Automata_SSM_Learning/TestSet/benchmarks/tlsf/ltl2dba/parametric/ltl2dba_alpha.tlsf,10000,0,0.6946,0.6048,0.002
/workspaces/Automata_SSM_Learning/TestSet/benchmarks/tlsf/ltl2dba/parametric/ltl2dba_alpha.tlsf,10000,100,0.4162,0.8143,0.182
/workspaces/Automata_SSM_Learning/TestSet/benchmarks/tlsf/ltl2dba/parametric/ltl2dba_alpha.tlsf,10000,200,0.0759,0.9806,0.67
/workspaces/Automata_SSM_Learning/TestSet/benchmarks/tlsf/ltl2dba/parametric/ltl2dba_alpha.tlsf,10000,300,0.0233,1.0,0.999
/workspaces/Automata_SSM_Learning/TestSet/benchmarks/tlsf/ltl2dba/parametric/ltl2dba_alpha.tlsf,10000,400,0.0105,1.0,1.0
/workspaces/Automata_SSM_Learning/TestSet/benchmarks/tlsf/ltl2dba/non_parametric_from_acacia/ltl2dba03.tlsf,10000,0,0.686,0.5596,0.0
/workspaces/Automata_SSM_Learning/TestSet/benchmarks/tlsf/ltl2dba/non_parametric_from_acacia/ltl2dba03.tlsf,10000,100,0.3203,0.8607,0.159
/workspaces/Automata_SSM_Learning/TestSet/benchmarks/tlsf/ltl2dba/non_parametric_from_acacia/ltl2dba03.tlsf,10000,200,0.2991,0.8693,0.161
/workspaces/Automata_SSM_Learning/TestSet/benchmarks/tlsf/ltl2dba/non_parametric_from_acacia/ltl2dba03.tlsf,10000,300,0.2236,0.9033,0.264
/workspaces/Automata_SSM_Learning/TestSet/benchmarks/tlsf/ltl2dba/non_parametric_from_acacia/ltl2dba03.tlsf,10000,400,0.1011,0.9657,0.521
/workspaces/Automata_SSM_Learning/TestSet/benchmarks/tlsf/ltl2dba/non_parametric_from_acacia/ltl2dba03.tlsf,10000,500,0.072,0.9768,0.661
/workspaces/Automata_SSM_Learning/TestSet/benchmarks/tlsf/ltl2dba/non_parametric_from_acacia/ltl2dba03.tlsf,10000,600,0.049,0.9861,0.791
/workspaces/Automata_SSM_Learning/TestSet/benchmarks/tlsf/ltl2dba/non_parametric_from_acacia/ltl2dba03.tlsf,10000,700,0.0291,0.994,0.916
/workspaces/Automata_SSM_Learning/TestSet/benchmarks/tlsf/ltl2dba/non_parametric_from_acacia/ltl2dba03.tlsf,10000,800,0.0167,0.9971,0.959
/workspaces/Automata_SSM_Learning/TestSet/benchmarks/tlsf/ltl2dba/non_parametric_from_acacia/ltl2dba03.tlsf,10000,900,0.0099,0.9987,0.982
/workspaces/Automata_SSM_Learning/TestSet/benchmarks/tlsf/ltl2dba/non_parametric_from_acacia/ltl2dba20.tlsf,10000,0,0.6917,0.67,0.0
/workspaces/Automata_SSM_Learning/TestSet/benchmarks/tlsf/ltl2dba/non_parametric_from_acacia/ltl2dba20.tlsf,10000,100,0.4384,0.7966,0.012
/workspaces/Automata_SSM_Learning/TestSet/benchmarks/tlsf/ltl2dba/non_parametric_from_acacia/ltl2dba20.tlsf,10000,200,0.4161,0.8315,0.033
/workspaces/Automata_SSM_Learning/TestSet/benchmarks/tlsf/ltl2dba/non_parametric_from_acacia/ltl2dba20.tlsf,10000,300,0.4103,0.8311,0.036
/workspaces/Automata_SSM_Learning/TestSet/benchmarks/tlsf/ltl2dba/non_parametric_from_acacia/ltl2dba20.tlsf,10000,400,0.4034,0.8333,0.033
/workspaces/Automata_SSM_Learning/TestSet/benchmarks/tlsf/ltl2dba/non_parametric_from_acacia/ltl2dba20.tlsf,10000,500,0.387,0.8433,0.042
/workspaces/Automata_SSM_Learning/TestSet/benchmarks/tlsf/ltl2dba/non_parametric_from_acacia/ltl2dba20.tlsf,10000,600,0.3585,0.8522,0.058
/workspaces/Automata_SSM_Learning/TestSet/benchmarks/tlsf/ltl2dba/non_parametric_from_acacia/ltl2dba20.tlsf,10000,700,0.3404,0.856,0.062
/workspaces/Automata_SSM_Learning/TestSet/benchmarks/tlsf/ltl2dba/non_parametric_from_acacia/ltl2dba20.tlsf,10000,800,0.3304,0.8618,0.064
/workspaces/Automata_SSM_Learning/TestSet/benchmarks/tlsf/ltl2dba/non_parametric_from_acacia/ltl2dba20.tlsf,10000,900,0.324,0.8647,0.076
/workspaces/Automata_SSM_Learning/TestSet/benchmarks/tlsf_2/sweap/thermostat-F-real.tlsf,10000,0,0.7712,0.0231,0.0
/workspaces/Automata_SSM_Learning/TestSet/benchmarks/tlsf_2/sweap/thermostat-F-real.tlsf,10000,100,0.1108,0.9769,0.6
/workspaces/Automata_SSM_Learning/TestSet/benchmarks/tlsf_2/sweap/thermostat-F-real.tlsf,10000,200,0.0928,0.9769,0.6
/workspaces/Automata_SSM_Learning/TestSet/benchmarks/tlsf_2/sweap/thermostat-F-real.tlsf,10000,300,0.0227,1.0,0.999
/workspaces/Automata_SSM_Learning/TestSet/benchmarks/tlsf_2/sweap/thermostat-F-real.tlsf,10000,400,0.0059,0.9999,0.998
/workspaces/Automata_SSM_Learning/TestSet/benchmarks/tlsf_2/sweap/thermostat-F-real.tlsf,10000,500,0.0033,0.9999,0.998
/workspaces/Automata_SSM_Learning/TestSet/benchmarks/tlsf_2/sweap/thermostat-F-real.tlsf,10000,600,0.0023,0.9999,0.998
/workspaces/Automata_SSM_Learning/TestSet/benchmarks/tlsf_2/sweap/thermostat-F-real.tlsf,10000,700,0.0018,0.9999,0.998
/workspaces/Automata_SSM_Learning/TestSet/benchmarks/tlsf_2/sweap/thermostat-F-real.tlsf,10000,800,0.0015,0.9999,0.998
/workspaces/Automata_SSM_Learning/TestSet/benchmarks/tlsf_2/sweap/thermostat-F-real.tlsf,10000,900,0.0012,0.9999,0.998
/workspaces/Automata_SSM_Learning/TestSet/benchmarks/tlsf/lift/parametric/lift_gr1.tlsf,10000,0,0.6439,0.1214,0.0
/workspaces/Automata_SSM_Learning/TestSet/benchmarks/tlsf/lift/parametric/lift_gr1.tlsf,10000,100,0.177,0.7997,0.003
/workspaces/Automata_SSM_Learning/TestSet/benchmarks/tlsf/lift/parametric/lift_gr1.tlsf,10000,200,0.1664,0.7997,0.003
/workspaces/Automata_SSM_Learning/TestSet/benchmarks/tlsf/lift/parametric/lift_gr1.tlsf,10000,300,0.149,0.8251,0.02
/workspaces/Automata_SSM_Learning/TestSet/benchmarks/tlsf/lift/parametric/lift_gr1.tlsf,10000,400,0.125,0.8226,0.018
/workspaces/Automata_SSM_Learning/TestSet/benchmarks/tlsf/lift/parametric/lift_gr1.tlsf,10000,500,0.1112,0.8244,0.019
/workspaces/Automata_SSM_Learning/TestSet/benchmarks/tlsf/lift/parametric/lift_gr1.tlsf,10000,600,0.1027,0.8275,0.02
/workspaces/Automata_SSM_Learning/TestSet/benchmarks/tlsf/lift/parametric/lift_gr1.tlsf,10000,700,0.0959,0.8315,0.02
/workspaces/Automata_SSM_Learning/TestSet/benchmarks/tlsf/lift/parametric/lift_gr1.tlsf,10000,800,0.0919,0.8355,0.026
/workspaces/Automata_SSM_Learning/TestSet/benchmarks/tlsf/lift/parametric/lift_gr1.tlsf,10000,900,0.0891,0.8341,0.024
/workspaces/Automata_SSM_Learning/TestSet/benchmarks/tlsf_3/tsl_paper/RotationCalculator.tlsf,10000,0,0.7039,0.0,0.0
/workspaces/Automata_SSM_Learning/TestSet/benchmarks/tlsf_3/tsl_paper/RotationCalculator.tlsf,10000,100,0.3823,0.0,0.0
/workspaces/Automata_SSM_Learning/TestSet/benchmarks/tlsf_3/tsl_paper/RotationCalculator.tlsf,10000,200,0.3174,0.0072,0.0
/workspaces/Automata_SSM_Learning/TestSet/benchmarks/tlsf_3/tsl_paper/RotationCalculator.tlsf,10000,300,0.1892,0.7387,0.003
/workspaces/Automata_SSM_Learning/TestSet/benchmarks/tlsf_3/tsl_paper/RotationCalculator.tlsf,10000,400,0.1466,0.8175,0.018
/workspaces/Automata_SSM_Learning/TestSet/benchmarks/tlsf_3/tsl_paper/RotationCalculator.tlsf,10000,500,0.1302,0.8307,0.022
/workspaces/Automata_SSM_Learning/TestSet/benchmarks/tlsf_3/tsl_paper/RotationCalculator.tlsf,10000,600,0.1215,0.8344,0.021
/workspaces/Automata_SSM_Learning/TestSet/benchmarks/tlsf_3/tsl_paper/RotationCalculator.tlsf,10000,700,0.116,0.846,0.04
/workspaces/Automata_SSM_Learning/TestSet/benchmarks/tlsf_3/tsl_paper/RotationCalculator.tlsf,10000,800,0.1124,0.8559,0.049
/workspaces/Automata_SSM_Learning/TestSet/benchmarks/tlsf_3/tsl_paper/RotationCalculator.tlsf,10000,900,0.1097,0.8674,0.062
/workspaces/Automata_SSM_Learning/TestSet/benchmarks/tlsf_3/tsl_paper/OneCounter.tlsf,10000,0,0.6825,0.0173,0.0
/workspaces/Automata_SSM_Learning/TestSet/benchmarks/tlsf_3/tsl_paper/OneCounter.tlsf,10000,100,0.4886,0.1158,0.0
/workspaces/Automata_SSM_Learning/TestSet/benchmarks/tlsf_3/tsl_paper/OneCounter.tlsf,10000,200,0.3719,0.1993,0.0
/workspaces/Automata_SSM_Learning/TestSet/benchmarks/tlsf_3/tsl_paper/OneCounter.tlsf,10000,300,0.3025,0.2878,0.0
/workspaces/Automata_SSM_Learning/TestSet/benchmarks/tlsf_3/tsl_paper/OneCounter.tlsf,10000,400,0.2573,0.3684,0.0
/workspaces/Automata_SSM_Learning/TestSet/benchmarks/tlsf_3/tsl_paper/OneCounter.tlsf,10000,500,0.2246,0.4641,0.0
/workspaces/Automata_SSM_Learning/TestSet/benchmarks/tlsf_3/tsl_paper/OneCounter.tlsf,10000,600,0.2035,0.5305,0.0
/workspaces/Automata_SSM_Learning/TestSet/benchmarks/tlsf_3/tsl_paper/OneCounter.tlsf,10000,700,0.1897,0.5484,0.0
/workspaces/Automata_SSM_Learning/TestSet/benchmarks/tlsf_3/tsl_paper/OneCounter.tlsf,10000,800,0.1797,0.5452,0.0
/workspaces/Automata_SSM_Learning/TestSet/benchmarks/tlsf_3/tsl_paper/OneCounter.tlsf,10000,900,0.1717,0.5413,0.0
/workspaces/Automata_SSM_Learning/TestSet/benchmarks/tlsf_2/sweap/robot-grid-commute-1d-real.tlsf,10000,0,0.6706,0.8939,0.156
/workspaces/Automata_SSM_Learning/TestSet/benchmarks/tlsf_2/sweap/robot-grid-commute-1d-real.tlsf,10000,100,0.1859,0.8939,0.156
/workspaces/Automata_SSM_Learning/TestSet/benchmarks/tlsf_2/sweap/robot-grid-commute-1d-real.tlsf,10000,200,0.0981,0.9261,0.205
/workspaces/Automata_SSM_Learning/TestSet/benchmarks/tlsf_2/sweap/robot-grid-commute-1d-real.tlsf,10000,300,0.055,0.9849,0.788
/workspaces/Automata_SSM_Learning/TestSet/benchmarks/tlsf_2/sweap/robot-grid-commute-1d-real.tlsf,10000,400,0.0457,0.9848,0.787
/workspaces/Automata_SSM_Learning/TestSet/benchmarks/tlsf_2/sweap/robot-grid-commute-1d-real.tlsf,10000,500,0.0413,0.9848,0.788
/workspaces/Automata_SSM_Learning/TestSet/benchmarks/tlsf_2/sweap/robot-grid-commute-1d-real.tlsf,10000,600,0.0372,0.9848,0.789
/workspaces/Automata_SSM_Learning/TestSet/benchmarks/tlsf_2/sweap/robot-grid-commute-1d-real.tlsf,10000,700,0.0328,0.9849,0.79
/workspaces/Automata_SSM_Learning/TestSet/benchmarks/tlsf_2/sweap/robot-grid-commute-1d-real.tlsf,10000,800,0.0266,0.9901,0.853
/workspaces/Automata_SSM_Learning/TestSet/benchmarks/tlsf_2/sweap/robot-grid-commute-1d-real.tlsf,10000,900,0.0174,0.9889,0.833
/workspaces/Automata_SSM_Learning/TestSet/benchmarks/tlsf/lily/lilydemo15.tlsf,10000,0,0.7111,0.0,0.0
/workspaces/Automata_SSM_Learning/TestSet/benchmarks/tlsf/lily/lilydemo15.tlsf,10000,100,0.3815,0.717,0.001
/workspaces/Automata_SSM_Learning/TestSet/benchmarks/tlsf/lily/lilydemo15.tlsf,10000,200,0.1945,0.8715,0.074
/workspaces/Automata_SSM_Learning/TestSet/benchmarks/tlsf/lily/lilydemo15.tlsf,10000,300,0.1038,0.9503,0.4
/workspaces/Automata_SSM_Learning/TestSet/benchmarks/tlsf/lily/lilydemo15.tlsf,10000,400,0.0509,0.9849,0.778
/workspaces/Automata_SSM_Learning/TestSet/benchmarks/tlsf/lily/lilydemo15.tlsf,10000,500,0.032,0.9905,0.876
/workspaces/Automata_SSM_Learning/TestSet/benchmarks/tlsf/lily/lilydemo15.tlsf,10000,600,0.0207,0.9936,0.889
/workspaces/Automata_SSM_Learning/TestSet/benchmarks/tlsf/lily/lilydemo15.tlsf,10000,700,0.0131,0.9981,0.966
/workspaces/Automata_SSM_Learning/TestSet/benchmarks/tlsf/lily/lilydemo15.tlsf,10000,800,0.0087,0.9999,0.998
/workspaces/Automata_SSM_Learning/TestSet/benchmarks/tlsf/lily/lilydemo15.tlsf,10000,900,0.0062,1.0,1.0
/workspaces/Automata_SSM_Learning/TestSet/benchmarks/tlsf/ltl2dpa/ltl2dpa06.tlsf,10000,0,0.7527,0.0454,0.0
/workspaces/Automata_SSM_Learning/TestSet/benchmarks/tlsf/ltl2dpa/ltl2dpa06.tlsf,10000,100,0.1685,0.9045,0.0
/workspaces/Automata_SSM_Learning/TestSet/benchmarks/tlsf/ltl2dpa/ltl2dpa06.tlsf,10000,200,0.082,0.9798,0.756
/workspaces/Automata_SSM_Learning/TestSet/benchmarks/tlsf/ltl2dpa/ltl2dpa06.tlsf,10000,300,0.0373,0.998,0.975
/workspaces/Automata_SSM_Learning/TestSet/benchmarks/tlsf/ltl2dpa/ltl2dpa06.tlsf,10000,400,0.0195,0.9999,0.998
/workspaces/Automata_SSM_Learning/TestSet/benchmarks/tlsf/ltl2dpa/ltl2dpa06.tlsf,10000,500,0.0119,1.0,1.0
/workspaces/Automata_SSM_Learning/TestSet/benchmarks/tlsf/gui_glue_code_synthesis/03.tlsf,10000,0,0.6837,0.4036,0.0
/workspaces/Automata_SSM_Learning/TestSet/benchmarks/tlsf/gui_glue_code_synthesis/03.tlsf,10000,100,0.5278,0.1436,0.0
/workspaces/Automata_SSM_Learning/TestSet/benchmarks/tlsf/gui_glue_code_synthesis/03.tlsf,10000,200,0.4154,0.5968,0.001
/workspaces/Automata_SSM_Learning/TestSet/benchmarks/tlsf/gui_glue_code_synthesis/03.tlsf,10000,300,0.3494,0.6679,0.01
/workspaces/Automata_SSM_Learning/TestSet/benchmarks/tlsf/gui_glue_code_synthesis/03.tlsf,10000,400,0.3045,0.7073,0.016
/workspaces/Automata_SSM_Learning/TestSet/benchmarks/tlsf/gui_glue_code_synthesis/03.tlsf,10000,500,0.2593,0.7467,0.024
/workspaces/Automata_SSM_Learning/TestSet/benchmarks/tlsf/gui_glue_code_synthesis/03.tlsf,10000,600,0.2402,0.7534,0.024
/workspaces/Automata_SSM_Learning/TestSet/benchmarks/tlsf/gui_glue_code_synthesis/03.tlsf,10000,700,0.229,0.7742,0.026
/workspaces/Automata_SSM_Learning/TestSet/benchmarks/tlsf/gui_glue_code_synthesis/03.tlsf,10000,800,0.221,0.7772,0.023
/workspaces/Automata_SSM_Learning/TestSet/benchmarks/tlsf/gui_glue_code_synthesis/03.tlsf,10000,900,0.2148,0.7779,0.023
/workspaces/Automata_SSM_Learning/TestSet/benchmarks/tlsf_2/sweap/robot-grid-reach-1d-real.tlsf,10000,0,0.6871,0.5605,0.0
/workspaces/Automata_SSM_Learning/TestSet/benchmarks/tlsf_2/sweap/robot-grid-reach-1d-real.tlsf,10000,100,0.0773,0.9788,0.667
/workspaces/Automata_SSM_Learning/TestSet/benchmarks/tlsf_2/sweap/robot-grid-reach-1d-real.tlsf,10000,200,0.0321,0.9899,0.846
/workspaces/Automata_SSM_Learning/TestSet/benchmarks/tlsf_2/sweap/robot-grid-reach-1d-real.tlsf,10000,300,0.0228,0.9907,0.859
/workspaces/Automata_SSM_Learning/TestSet/benchmarks/tlsf_2/sweap/robot-grid-reach-1d-real.tlsf,10000,400,0.018,0.9918,0.863
/workspaces/Automata_SSM_Learning/TestSet/benchmarks/tlsf_2/sweap/robot-grid-reach-1d-real.tlsf,10000,500,0.0139,0.9936,0.881
/workspaces/Automata_SSM_Learning/TestSet/benchmarks/tlsf_2/sweap/robot-grid-reach-1d-real.tlsf,10000,600,0.0114,0.9961,0.925
/workspaces/Automata_SSM_Learning/TestSet/benchmarks/tlsf_2/sweap/robot-grid-reach-1d-real.tlsf,10000,700,0.0096,0.9979,0.958
/workspaces/Automata_SSM_Learning/TestSet/benchmarks/tlsf_2/sweap/robot-grid-reach-1d-real.tlsf,10000,800,0.0084,0.9986,0.971
/workspaces/Automata_SSM_Learning/TestSet/benchmarks/tlsf_2/sweap/robot-grid-reach-1d-real.tlsf,10000,900,0.0076,0.9988,0.976
/workspaces/Automata_SSM_Learning/TestSet/benchmarks/tlsf_2/sweap/precise-reachability-real.tlsf,10000,0,0.6853,0.0,0.0
/workspaces/Automata_SSM_Learning/TestSet/benchmarks/tlsf_2/sweap/precise-reachability-real.tlsf,10000,100,0.2309,0.8924,0.098
/workspaces/Automata_SSM_Learning/TestSet/benchmarks/tlsf_2/sweap/precise-reachability-real.tlsf,10000,200,0.081,0.9514,0.35
/workspaces/Automata_SSM_Learning/TestSet/benchmarks/tlsf_2/sweap/precise-reachability-real.tlsf,10000,300,0.0618,0.9698,0.528
/workspaces/Automata_SSM_Learning/TestSet/benchmarks/tlsf_2/sweap/precise-reachability-real.tlsf,10000,400,0.0504,0.9808,0.67
/workspaces/Automata_SSM_Learning/TestSet/benchmarks/tlsf_2/sweap/precise-reachability-real.tlsf,10000,500,0.0413,0.9902,0.818
/workspaces/Automata_SSM_Learning/TestSet/benchmarks/tlsf_2/sweap/precise-reachability-real.tlsf,10000,600,0.0349,0.9918,0.845
/workspaces/Automata_SSM_Learning/TestSet/benchmarks/tlsf_2/sweap/precise-reachability-real.tlsf,10000,700,0.0298,0.9921,0.851
/workspaces/Automata_SSM_Learning/TestSet/benchmarks/tlsf_2/sweap/precise-reachability-real.tlsf,10000,800,0.026,0.9934,0.875
/workspaces/Automata_SSM_Learning/TestSet/benchmarks/tlsf_2/sweap/precise-reachability-real.tlsf,10000,900,0.0233,0.9939,0.883
/workspaces/Automata_SSM_Learning/TestSet/benchmarks/tlsf/arbiters_s4/parametric/example10a.tlsf,10000,0,0.6925,0.6423,0.0
/workspaces/Automata_SSM_Learning/TestSet/benchmarks/tlsf/arbiters_s4/parametric/example10a.tlsf,10000,100,0.5173,0.7688,0.008
/workspaces/Automata_SSM_Learning/TestSet/benchmarks/tlsf/arbiters_s4/parametric/example10a.tlsf,10000,200,0.2976,0.8467,0.059
/workspaces/Automata_SSM_Learning/TestSet/benchmarks/tlsf/arbiters_s4/parametric/example10a.tlsf,10000,300,0.0578,0.9873,0.841
/workspaces/Automata_SSM_Learning/TestSet/benchmarks/tlsf/arbiters_s4/parametric/example10a.tlsf,10000,400,0.011,0.999,0.986
/workspaces/Automata_SSM_Learning/TestSet/benchmarks/tlsf/arbiters_s4/parametric/example10a.tlsf,10000,500,0.0051,1.0,1.0
/workspaces/Automata_SSM_Learning/TestSet/benchmarks/tlsf_4/chain-simple-param-70-real.tlsf,10000,0,0.6272,0.9161,0.183
/workspaces/Automata_SSM_Learning/TestSet/benchmarks/tlsf_4/chain-simple-param-70-real.tlsf,10000,100,0.1493,0.9161,0.183
/workspaces/Automata_SSM_Learning/TestSet/benchmarks/tlsf_4/chain-simple-param-70-real.tlsf,10000,200,0.1357,0.9161,0.183
/workspaces/Automata_SSM_Learning/TestSet/benchmarks/tlsf_4/chain-simple-param-70-real.tlsf,10000,300,0.0743,0.916,0.183
/workspaces/Automata_SSM_Learning/TestSet/benchmarks/tlsf_4/chain-simple-param-70-real.tlsf,10000,400,0.0342,0.9832,0.716
/workspaces/Automata_SSM_Learning/TestSet/benchmarks/tlsf_4/chain-simple-param-70-real.tlsf,10000,500,0.0177,0.9932,0.884
/workspaces/Automata_SSM_Learning/TestSet/benchmarks/tlsf_4/chain-simple-param-70-real.tlsf,10000,600,0.0105,0.9976,0.959
/workspaces/Automata_SSM_Learning/TestSet/benchmarks/tlsf_4/chain-simple-param-70-real.tlsf,10000,700,0.0066,0.9982,0.97
/workspaces/Automata_SSM_Learning/TestSet/benchmarks/tlsf_4/chain-simple-param-70-real.tlsf,10000,800,0.0046,0.9985,0.976
/workspaces/Automata_SSM_Learning/TestSet/benchmarks/tlsf_4/chain-simple-param-70-real.tlsf,10000,900,0.0033,0.9989,0.977
/workspaces/Automata_SSM_Learning/TestSet/benchmarks/tlsf/ltl_f/generated_TLSF/workstation_resupply_pb_2_pe_.tlsf,10000,0,0.7219,0.0,0.0
/workspaces/Automata_SSM_Learning/TestSet/benchmarks/tlsf/ltl_f/generated_TLSF/workstation_resupply_pb_2_pe_.tlsf,10000,100,0.266,0.6314,0.0
/workspaces/Automata_SSM_Learning/TestSet/benchmarks/tlsf/ltl_f/generated_TLSF/workstation_resupply_pb_2_pe_.tlsf,10000,200,0.2537,0.6314,0.0
/workspaces/Automata_SSM_Learning/TestSet/benchmarks/tlsf/ltl_f/generated_TLSF/workstation_resupply_pb_2_pe_.tlsf,10000,300,0.2152,0.5714,0.0
/workspaces/Automata_SSM_Learning/TestSet/benchmarks/tlsf/ltl_f/generated_TLSF/workstation_resupply_pb_2_pe_.tlsf,10000,400,0.1914,0.5972,0.0
/workspaces/Automata_SSM_Learning/TestSet/benchmarks/tlsf/ltl_f/generated_TLSF/workstation_resupply_pb_2_pe_.tlsf,10000,500,0.1699,0.6505,0.0
/workspaces/Automata_SSM_Learning/TestSet/benchmarks/tlsf/ltl_f/generated_TLSF/workstation_resupply_pb_2_pe_.tlsf,10000,600,0.1295,0.7864,0.0
/workspaces/Automata_SSM_Learning/TestSet/benchmarks/tlsf/ltl_f/generated_TLSF/workstation_resupply_pb_2_pe_.tlsf,10000,700,0.0955,0.8767,0.497
/workspaces/Automata_SSM_Learning/TestSet/benchmarks/tlsf/ltl_f/generated_TLSF/workstation_resupply_pb_2_pe_.tlsf,10000,800,0.075,0.8897,0.582
/workspaces/Automata_SSM_Learning/TestSet/benchmarks/tlsf/ltl_f/generated_TLSF/workstation_resupply_pb_2_pe_.tlsf,10000,900,0.0611,0.9145,0.584
/workspaces/Automata_SSM_Learning/TestSet/benchmarks/tlsf_4/infinite-race-unequal-1-real.tlsf,10000,0,0.7366,0.1217,0.0
/workspaces/Automata_SSM_Learning/TestSet/benchmarks/tlsf_4/infinite-race-unequal-1-real.tlsf,10000,100,0.231,0.8782,0.253
/workspaces/Automata_SSM_Learning/TestSet/benchmarks/tlsf_4/infinite-race-unequal-1-real.tlsf,10000,200,0.0342,0.9989,0.977
/workspaces/Automata_SSM_Learning/TestSet/benchmarks/tlsf_4/infinite-race-unequal-1-real.tlsf,10000,300,0.0097,0.9989,0.977
/workspaces/Automata_SSM_Learning/TestSet/benchmarks/tlsf_4/infinite-race-unequal-1-real.tlsf,10000,400,0.0058,0.999,0.979
/workspaces/Automata_SSM_Learning/TestSet/benchmarks/tlsf_4/infinite-race-unequal-1-real.tlsf,10000,500,0.0043,0.999,0.981
/workspaces/Automata_SSM_Learning/TestSet/benchmarks/tlsf_4/infinite-race-unequal-1-real.tlsf,10000,600,0.0032,0.9991,0.983
/workspaces/Automata_SSM_Learning/TestSet/benchmarks/tlsf_4/infinite-race-unequal-1-real.tlsf,10000,700,0.0025,0.9993,0.986
/workspaces/Automata_SSM_Learning/TestSet/benchmarks/tlsf_4/infinite-race-unequal-1-real.tlsf,10000,800,0.0021,0.9994,0.988
/workspaces/Automata_SSM_Learning/TestSet/benchmarks/tlsf_4/infinite-race-unequal-1-real.tlsf,10000,900,0.0018,0.9994,0.988
/workspaces/Automata_SSM_Learning/TestSet/benchmarks/tlsf/arbiters_s4/parametric/example10.tlsf,10000,0,0.7271,0.2185,0.0
/workspaces/Automata_SSM_Learning/TestSet/benchmarks/tlsf/arbiters_s4/parametric/example10.tlsf,10000,100,0.3828,0.7815,0.515
/workspaces/Automata_SSM_Learning/TestSet/benchmarks/tlsf/arbiters_s4/parametric/example10.tlsf,10000,200,0.3274,0.7882,0.05
/workspaces/Automata_SSM_Learning/TestSet/benchmarks/tlsf/arbiters_s4/parametric/example10.tlsf,10000,300,0.2975,0.7972,0.052
/workspaces/Automata_SSM_Learning/TestSet/benchmarks/tlsf/arbiters_s4/parametric/example10.tlsf,10000,400,0.2175,0.9064,0.48
/workspaces/Automata_SSM_Learning/TestSet/benchmarks/tlsf/arbiters_s4/parametric/example10.tlsf,10000,500,0.0263,1.0,1.0
/workspaces/Automata_SSM_Learning/TestSet/benchmarks/tlsf_3/tsl_paper/Zoo10.tlsf,10000,0,0.6838,0.0,0.0
/workspaces/Automata_SSM_Learning/TestSet/benchmarks/tlsf_3/tsl_paper/Zoo10.tlsf,10000,100,0.4494,0.3488,0.0
/workspaces/Automata_SSM_Learning/TestSet/benchmarks/tlsf_3/tsl_paper/Zoo10.tlsf,10000,200,0.3144,0.3417,0.0
/workspaces/Automata_SSM_Learning/TestSet/benchmarks/tlsf_3/tsl_paper/Zoo10.tlsf,10000,300,0.2431,0.4508,0.0
/workspaces/Automata_SSM_Learning/TestSet/benchmarks/tlsf_3/tsl_paper/Zoo10.tlsf,10000,400,0.1956,0.5002,0.0
/workspaces/Automata_SSM_Learning/TestSet/benchmarks/tlsf_3/tsl_paper/Zoo10.tlsf,10000,500,0.1656,0.5218,0.0
/workspaces/Automata_SSM_Learning/TestSet/benchmarks/tlsf_3/tsl_paper/Zoo10.tlsf,10000,600,0.1519,0.5209,0.0
/workspaces/Automata_SSM_Learning/TestSet/benchmarks/tlsf_3/tsl_paper/Zoo10.tlsf,10000,700,0.1446,0.543,0.0
/workspaces/Automata_SSM_Learning/TestSet/benchmarks/tlsf_3/tsl_paper/Zoo10.tlsf,10000,800,0.1405,0.5504,0.0
/workspaces/Automata_SSM_Learning/TestSet/benchmarks/tlsf_3/tsl_paper/Zoo10.tlsf,10000,900,0.1379,0.5555,0.0
/workspaces/Automata_SSM_Learning/TestSet/benchmarks/tlsf/arbiters_s4/parametric/example9.tlsf,10000,0,0.6959,0.4979,0.0
/workspaces/Automata_SSM_Learning/TestSet/benchmarks/tlsf/arbiters_s4/parametric/example9.tlsf,10000,100,0.2371,0.9253,0.0
/workspaces/Automata_SSM_Learning/TestSet/benchmarks/tlsf/arbiters_s4/parametric/example9.tlsf,10000,200,0.1013,0.9717,0.434
/workspaces/Automata_SSM_Learning/TestSet/benchmarks/tlsf/arbiters_s4/parametric/example9.tlsf,10000,300,0.0261,1.0,1.0
/workspaces/Automata_SSM_Learning/TestSet/benchmarks/tlsf/ltl2dba/parametric/ltl2dba_E.tlsf,10000,0,0.6527,0.8651,0.0
/workspaces/Automata_SSM_Learning/TestSet/benchmarks/tlsf/ltl2dba/parametric/ltl2dba_E.tlsf,10000,100,0.1547,0.9263,0.009
/workspaces/Automata_SSM_Learning/TestSet/benchmarks/tlsf/ltl2dba/parametric/ltl2dba_E.tlsf,10000,200,0.0963,0.9724,0.657
/workspaces/Automata_SSM_Learning/TestSet/benchmarks/tlsf/ltl2dba/parametric/ltl2dba_E.tlsf,10000,300,0.0728,0.9739,0.667
/workspaces/Automata_SSM_Learning/TestSet/benchmarks/tlsf/ltl2dba/parametric/ltl2dba_E.tlsf,10000,400,0.0599,0.9768,0.683
/workspaces/Automata_SSM_Learning/TestSet/benchmarks/tlsf/ltl2dba/parametric/ltl2dba_E.tlsf,10000,500,0.0515,0.9772,0.696
/workspaces/Automata_SSM_Learning/TestSet/benchmarks/tlsf/ltl2dba/parametric/ltl2dba_E.tlsf,10000,600,0.0487,0.9771,0.694
/workspaces/Automata_SSM_Learning/TestSet/benchmarks/tlsf/ltl2dba/parametric/ltl2dba_E.tlsf,10000,700,0.0472,0.9767,0.69
/workspaces/Automata_SSM_Learning/TestSet/benchmarks/tlsf/ltl2dba/parametric/ltl2dba_E.tlsf,10000,800,0.0463,0.9761,0.687
/workspaces/Automata_SSM_Learning/TestSet/benchmarks/tlsf/ltl2dba/parametric/ltl2dba_E.tlsf,10000,900,0.0456,0.9762,0.691
/workspaces/Automata_SSM_Learning/TestSet/benchmarks/tlsf/parametric/arbiter.tlsf,10000,0,0.7053,0.3253,0.0
/workspaces/Automata_SSM_Learning/TestSet/benchmarks/tlsf/parametric/arbiter.tlsf,10000,100,0.1224,0.9986,0.971
/workspaces/Automata_SSM_Learning/TestSet/benchmarks/tlsf/parametric/arbiter.tlsf,10000,200,0.0098,1.0,1.0
/workspaces/Automata_SSM_Learning/TestSet/benchmarks/tlsf_3/tsl_paper/Automata16S.tlsf,10000,0,0.7005,0.0,0.0
/workspaces/Automata_SSM_Learning/TestSet/benchmarks/tlsf_3/tsl_paper/Automata16S.tlsf,10000,100,0.1524,0.4942,0.0
/workspaces/Automata_SSM_Learning/TestSet/benchmarks/tlsf_3/tsl_paper/Automata16S.tlsf,10000,200,0.1386,0.0457,0.0
/workspaces/Automata_SSM_Learning/TestSet/benchmarks/tlsf_3/tsl_paper/Automata16S.tlsf,10000,300,0.1355,0.0485,0.0
/workspaces/Automata_SSM_Learning/TestSet/benchmarks/tlsf_3/tsl_paper/Automata16S.tlsf,10000,400,0.1342,0.0566,0.0
/workspaces/Automata_SSM_Learning/TestSet/benchmarks/tlsf_3/tsl_paper/Automata16S.tlsf,10000,500,0.1336,0.2715,0.0
/workspaces/Automata_SSM_Learning/TestSet/benchmarks/tlsf_3/tsl_paper/Automata16S.tlsf,10000,600,0.1332,0.2715,0.0
/workspaces/Automata_SSM_Learning/TestSet/benchmarks/tlsf_3/tsl_paper/Automata16S.tlsf,10000,700,0.1329,0.2715,0.0
/workspaces/Automata_SSM_Learning/TestSet/benchmarks/tlsf_3/tsl_paper/Automata16S.tlsf,10000,800,0.1327,0.2715,0.0
/workspaces/Automata_SSM_Learning/TestSet/benchmarks/tlsf_3/tsl_paper/Automata16S.tlsf,10000,900,0.1325,0.4873,0.0
/workspaces/Automata_SSM_Learning/TestSet/benchmarks/tlsf/parametric/arbiter_with_buffer.tlsf,10000,0,0.696,1.0,1.0
/workspaces/Automata_SSM_Learning/TestSet/benchmarks/tlsf_2/sweap/taxi-service-real.tlsf,10000,0,0.7182,0.0073,0.0
/workspaces/Automata_SSM_Learning/TestSet/benchmarks/tlsf_2/sweap/taxi-service-real.tlsf,10000,100,0.3485,0.75,0.006
/workspaces/Automata_SSM_Learning/TestSet/benchmarks/tlsf_2/sweap/taxi-service-real.tlsf,10000,200,0.2164,0.8224,0.019
/workspaces/Automata_SSM_Learning/TestSet/benchmarks/tlsf_2/sweap/taxi-service-real.tlsf,10000,300,0.179,0.8477,0.033
/workspaces/Automata_SSM_Learning/TestSet/benchmarks/tlsf_2/sweap/taxi-service-real.tlsf,10000,400,0.137,0.8855,0.084
/workspaces/Automata_SSM_Learning/TestSet/benchmarks/tlsf_2/sweap/taxi-service-real.tlsf,10000,500,0.092,0.9187,0.214
/workspaces/Automata_SSM_Learning/TestSet/benchmarks/tlsf_2/sweap/taxi-service-real.tlsf,10000,600,0.0677,0.9316,0.272
/workspaces/Automata_SSM_Learning/TestSet/benchmarks/tlsf_2/sweap/taxi-service-real.tlsf,10000,700,0.0573,0.9335,0.284
/workspaces/Automata_SSM_Learning/TestSet/benchmarks/tlsf_2/sweap/taxi-service-real.tlsf,10000,800,0.0502,0.9363,0.298
/workspaces/Automata_SSM_Learning/TestSet/benchmarks/tlsf_2/sweap/taxi-service-real.tlsf,10000,900,0.0451,0.9388,0.306
/workspaces/Automata_SSM_Learning/TestSet/benchmarks/tlsf_4/chain-simple-30-real.tlsf,10000,0,0.6499,0.7955,0.006
/workspaces/Automata_SSM_Learning/TestSet/benchmarks/tlsf_4/chain-simple-30-real.tlsf,10000,100,0.2287,0.7955,0.006
/workspaces/Automata_SSM_Learning/TestSet/benchmarks/tlsf_4/chain-simple-30-real.tlsf,10000,200,0.1594,0.8492,0.035
/workspaces/Automata_SSM_Learning/TestSet/benchmarks/tlsf_4/chain-simple-30-real.tlsf,10000,300,0.1065,0.9151,0.13
/workspaces/Automata_SSM_Learning/TestSet/benchmarks/tlsf_4/chain-simple-30-real.tlsf,10000,400,0.0542,0.9903,0.83
/workspaces/Automata_SSM_Learning/TestSet/benchmarks/tlsf_4/chain-simple-30-real.tlsf,10000,500,0.0255,0.9957,0.926
/workspaces/Automata_SSM_Learning/TestSet/benchmarks/tlsf_4/chain-simple-30-real.tlsf,10000,600,0.0156,0.9967,0.945
/workspaces/Automata_SSM_Learning/TestSet/benchmarks/tlsf_4/chain-simple-30-real.tlsf,10000,700,0.0111,0.9971,0.954
/workspaces/Automata_SSM_Learning/TestSet/benchmarks/tlsf_4/chain-simple-30-real.tlsf,10000,800,0.0086,0.9977,0.96
/workspaces/Automata_SSM_Learning/TestSet/benchmarks/tlsf_4/chain-simple-30-real.tlsf,10000,900,0.0071,0.9978,0.963
/workspaces/Automata_SSM_Learning/TestSet/benchmarks/tlsf_3/tsl_paper/EscalatorCountingInit.tlsf,10000,0,0.6859,0.0,0.0
/workspaces/Automata_SSM_Learning/TestSet/benchmarks/tlsf_3/tsl_paper/EscalatorCountingInit.tlsf,10000,100,0.4479,0.0029,0.0
/workspaces/Automata_SSM_Learning/TestSet/benchmarks/tlsf_3/tsl_paper/EscalatorCountingInit.tlsf,10000,200,0.2524,0.6707,0.0
/workspaces/Automata_SSM_Learning/TestSet/benchmarks/tlsf_3/tsl_paper/EscalatorCountingInit.tlsf,10000,300,0.1537,0.8276,0.0
/workspaces/Automata_SSM_Learning/TestSet/benchmarks/tlsf_3/tsl_paper/EscalatorCountingInit.tlsf,10000,400,0.1004,0.918,0.148
/workspaces/Automata_SSM_Learning/TestSet/benchmarks/tlsf_3/tsl_paper/EscalatorCountingInit.tlsf,10000,500,0.0752,0.923,0.185
/workspaces/Automata_SSM_Learning/TestSet/benchmarks/tlsf_3/tsl_paper/EscalatorCountingInit.tlsf,10000,600,0.0629,0.9444,0.336
/workspaces/Automata_SSM_Learning/TestSet/benchmarks/tlsf_3/tsl_paper/EscalatorCountingInit.tlsf,10000,700,0.0562,0.9444,0.336
/workspaces/Automata_SSM_Learning/TestSet/benchmarks/tlsf_3/tsl_paper/EscalatorCountingInit.tlsf,10000,800,0.0522,0.9444,0.336
/workspaces/Automata_SSM_Learning/TestSet/benchmarks/tlsf_3/tsl_paper/EscalatorCountingInit.tlsf,10000,900,0.0496,0.9444,0.336
/workspaces/Automata_SSM_Learning/TestSet/benchmarks/tlsf_3/tsl_paper/KitchenTimerV8.tlsf,10000,0,0.6963,0.0,0.0
/workspaces/Automata_SSM_Learning/TestSet/benchmarks/tlsf_3/tsl_paper/KitchenTimerV8.tlsf,10000,100,0.3349,0.0662,0.0
/workspaces/Automata_SSM_Learning/TestSet/benchmarks/tlsf_3/tsl_paper/KitchenTimerV8.tlsf,10000,200,0.3185,0.0473,0.0
/workspaces/Automata_SSM_Learning/TestSet/benchmarks/tlsf_3/tsl_paper/KitchenTimerV8.tlsf,10000,300,0.2891,0.1142,0.0
/workspaces/Automata_SSM_Learning/TestSet/benchmarks/tlsf_3/tsl_paper/KitchenTimerV8.tlsf,10000,400,0.2648,0.1237,0.0
/workspaces/Automata_SSM_Learning/TestSet/benchmarks/tlsf_3/tsl_paper/KitchenTimerV8.tlsf,10000,500,0.2489,0.1384,0.0
/workspaces/Automata_SSM_Learning/TestSet/benchmarks/tlsf_3/tsl_paper/KitchenTimerV8.tlsf,10000,600,0.2379,0.1417,0.0
/workspaces/Automata_SSM_Learning/TestSet/benchmarks/tlsf_3/tsl_paper/KitchenTimerV8.tlsf,10000,700,0.231,0.1282,0.0
/workspaces/Automata_SSM_Learning/TestSet/benchmarks/tlsf_3/tsl_paper/KitchenTimerV8.tlsf,10000,800,0.2261,0.1885,0.0
/workspaces/Automata_SSM_Learning/TestSet/benchmarks/tlsf_3/tsl_paper/KitchenTimerV8.tlsf,10000,900,0.2224,0.188,0.0
/workspaces/Automata_SSM_Learning/TestSet/benchmarks/tlsf_3/tsl_paper/EscalatorNonReactive.tlsf,10000,0,0.7444,0.0,0.0
/workspaces/Automata_SSM_Learning/TestSet/benchmarks/tlsf_3/tsl_paper/EscalatorNonReactive.tlsf,10000,100,0.0244,1.0,1.0
/workspaces/Automata_SSM_Learning/TestSet/benchmarks/tlsf/ltl2dpa/ltl2dpa18.tlsf,10000,0,0.6776,0.0835,0.0
/workspaces/Automata_SSM_Learning/TestSet/benchmarks/tlsf/ltl2dpa/ltl2dpa18.tlsf,10000,100,0.1641,0.9397,0.55
/workspaces/Automata_SSM_Learning/TestSet/benchmarks/tlsf/ltl2dpa/ltl2dpa18.tlsf,10000,200,0.0999,0.9291,0.428
/workspaces/Automata_SSM_Learning/TestSet/benchmarks/tlsf/ltl2dpa/ltl2dpa18.tlsf,10000,300,0.0832,0.9316,0.421
/workspaces/Automata_SSM_Learning/TestSet/benchmarks/tlsf/ltl2dpa/ltl2dpa18.tlsf,10000,400,0.0746,0.9459,0.519
/workspaces/Automata_SSM_Learning/TestSet/benchmarks/tlsf/ltl2dpa/ltl2dpa18.tlsf,10000,500,0.0666,0.9567,0.581
/workspaces/Automata_SSM_Learning/TestSet/benchmarks/tlsf/ltl2dpa/ltl2dpa18.tlsf,10000,600,0.0606,0.9599,0.548
/workspaces/Automata_SSM_Learning/TestSet/benchmarks/tlsf/ltl2dpa/ltl2dpa18.tlsf,10000,700,0.0555,0.9587,0.537
/workspaces/Automata_SSM_Learning/TestSet/benchmarks/tlsf/ltl2dpa/ltl2dpa18.tlsf,10000,800,0.0456,0.9652,0.625
/workspaces/Automata_SSM_Learning/TestSet/benchmarks/tlsf/ltl2dpa/ltl2dpa18.tlsf,10000,900,0.0179,0.9916,0.856
/workspaces/Automata_SSM_Learning/TestSet/benchmarks/tlsf/ltl2dpa/ltl2dpa03.tlsf,10000,0,0.7041,0.0,0.0
/workspaces/Automata_SSM_Learning/TestSet/benchmarks/tlsf/ltl2dpa/ltl2dpa03.tlsf,10000,100,0.5903,0.2044,0.0
/workspaces/Automata_SSM_Learning/TestSet/benchmarks/tlsf/ltl2dpa/ltl2dpa03.tlsf,10000,200,0.5238,0.3247,0.0
/workspaces/Automata_SSM_Learning/TestSet/benchmarks/tlsf/ltl2dpa/ltl2dpa03.tlsf,10000,300,0.4471,0.5025,0.0
/workspaces/Automata_SSM_Learning/TestSet/benchmarks/tlsf/ltl2dpa/ltl2dpa03.tlsf,10000,400,0.3646,0.6452,0.006
/workspaces/Automata_SSM_Learning/TestSet/benchmarks/tlsf/ltl2dpa/ltl2dpa03.tlsf,10000,500,0.2923,0.7451,0.033
/workspaces/Automata_SSM_Learning/TestSet/benchmarks/tlsf/ltl2dpa/ltl2dpa03.tlsf,10000,600,0.2375,0.8099,0.122
/workspaces/Automata_SSM_Learning/TestSet/benchmarks/tlsf/ltl2dpa/ltl2dpa03.tlsf,10000,700,0.2015,0.8409,0.182
/workspaces/Automata_SSM_Learning/TestSet/benchmarks/tlsf/ltl2dpa/ltl2dpa03.tlsf,10000,800,0.1756,0.8593,0.225
/workspaces/Automata_SSM_Learning/TestSet/benchmarks/tlsf/ltl2dpa/ltl2dpa03.tlsf,10000,900,0.1559,0.8738,0.257
/workspaces/Automata_SSM_Learning/TestSet/benchmarks/tlsf/ltl2dba/non_parametric_from_acacia/ltl2dba01.tlsf,10000,0,0.6831,0.6567,0.0
/workspaces/Automata_SSM_Learning/TestSet/benchmarks/tlsf/ltl2dba/non_parametric_from_acacia/ltl2dba01.tlsf,10000,100,0.386,0.8389,0.151
/workspaces/Automata_SSM_Learning/TestSet/benchmarks/tlsf/ltl2dba/non_parametric_from_acacia/ltl2dba01.tlsf,10000,200,0.261,0.8888,0.212
/workspaces/Automata_SSM_Learning/TestSet/benchmarks/tlsf/ltl2dba/non_parametric_from_acacia/ltl2dba01.tlsf,10000,300,0.2229,0.9036,0.31
/workspaces/Automata_SSM_Learning/TestSet/benchmarks/tlsf/ltl2dba/non_parametric_from_acacia/ltl2dba01.tlsf,10000,400,0.1553,0.9453,0.566
/workspaces/Automata_SSM_Learning/TestSet/benchmarks/tlsf/ltl2dba/non_parametric_from_acacia/ltl2dba01.tlsf,10000,500,0.1222,0.9523,0.621
/workspaces/Automata_SSM_Learning/TestSet/benchmarks/tlsf/ltl2dba/non_parametric_from_acacia/ltl2dba01.tlsf,10000,600,0.1107,0.9548,0.626
/workspaces/Automata_SSM_Learning/TestSet/benchmarks/tlsf/ltl2dba/non_parametric_from_acacia/ltl2dba01.tlsf,10000,700,0.1041,0.9571,0.663
/workspaces/Automata_SSM_Learning/TestSet/benchmarks/tlsf/ltl2dba/non_parametric_from_acacia/ltl2dba01.tlsf,10000,800,0.0994,0.9588,0.701
/workspaces/Automata_SSM_Learning/TestSet/benchmarks/tlsf/ltl2dba/non_parametric_from_acacia/ltl2dba01.tlsf,10000,900,0.0959,0.9596,0.723
/workspaces/Automata_SSM_Learning/TestSet/benchmarks/tlsf_3/tsl_paper/SensorInit.tlsf,10000,0,0.69,0.0,0.0
/workspaces/Automata_SSM_Learning/TestSet/benchmarks/tlsf_3/tsl_paper/SensorInit.tlsf,10000,100,0.2778,0.3174,0.0
/workspaces/Automata_SSM_Learning/TestSet/benchmarks/tlsf_3/tsl_paper/SensorInit.tlsf,10000,200,0.2723,0.3174,0.0
/workspaces/Automata_SSM_Learning/TestSet/benchmarks/tlsf_3/tsl_paper/SensorInit.tlsf,10000,300,0.2707,0.3174,0.0
/workspaces/Automata_SSM_Learning/TestSet/benchmarks/tlsf_3/tsl_paper/SensorInit.tlsf,10000,400,0.2698,0.3174,0.0
/workspaces/Automata_SSM_Learning/TestSet/benchmarks/tlsf_3/tsl_paper/SensorInit.tlsf,10000,500,0.2674,0.3174,0.0
/workspaces/Automata_SSM_Learning/TestSet/benchmarks/tlsf_3/tsl_paper/SensorInit.tlsf,10000,600,0.2377,0.3071,0.0
/workspaces/Automata_SSM_Learning/TestSet/benchmarks/tlsf_3/tsl_paper/SensorInit.tlsf,10000,700,0.2281,0.3071,0.0
/workspaces/Automata_SSM_Learning/TestSet/benchmarks/tlsf_3/tsl_paper/SensorInit.tlsf,10000,800,0.2189,0.3026,0.0
/workspaces/Automata_SSM_Learning/TestSet/benchmarks/tlsf_3/tsl_paper/SensorInit.tlsf,10000,900,0.2065,0.2893,0.0
/workspaces/Automata_SSM_Learning/TestSet/benchmarks/tlsf_3/tsl_paper/KitchenTimerV5.tlsf,10000,0,0.7107,0.0,0.0
/workspaces/Automata_SSM_Learning/TestSet/benchmarks/tlsf_3/tsl_paper/KitchenTimerV5.tlsf,10000,100,0.4216,0.0,0.0
/workspaces/Automata_SSM_Learning/TestSet/benchmarks/tlsf_3/tsl_paper/KitchenTimerV5.tlsf,10000,200,0.3767,0.1058,0.0
/workspaces/Automata_SSM_Learning/TestSet/benchmarks/tlsf_3/tsl_paper/KitchenTimerV5.tlsf,10000,300,0.3064,0.3249,0.0
/workspaces/Automata_SSM_Learning/TestSet/benchmarks/tlsf_3/tsl_paper/KitchenTimerV5.tlsf,10000,400,0.2612,0.4178,0.0
/workspaces/Automata_SSM_Learning/TestSet/benchmarks/tlsf_3/tsl_paper/KitchenTimerV5.tlsf,10000,500,0.2355,0.4742,0.0
/workspaces/Automata_SSM_Learning/TestSet/benchmarks/tlsf_3/tsl_paper/KitchenTimerV5.tlsf,10000,600,0.2196,0.5382,0.0
/workspaces/Automata_SSM_Learning/TestSet/benchmarks/tlsf_3/tsl_paper/KitchenTimerV5.tlsf,10000,700,0.2079,0.5773,0.0
/workspaces/Automata_SSM_Learning/TestSet/benchmarks/tlsf_3/tsl_paper/KitchenTimerV5.tlsf,10000,800,0.1975,0.5971,0.0
/workspaces/Automata_SSM_Learning/TestSet/benchmarks/tlsf_3/tsl_paper/KitchenTimerV5.tlsf,10000,900,0.1873,0.616,0.0
/workspaces/Automata_SSM_Learning/TestSet/benchmarks/tlsf_3/tsl_paper/SPI.tlsf,10000,0,0.6984,0.0,0.0
/workspaces/Automata_SSM_Learning/TestSet/benchmarks/tlsf_3/tsl_paper/SPI.tlsf,10000,100,0.3935,0.0,0.0
/workspaces/Automata_SSM_Learning/TestSet/benchmarks/tlsf_3/tsl_paper/SPI.tlsf,10000,200,0.3742,0.0,0.0
/workspaces/Automata_SSM_Learning/TestSet/benchmarks/tlsf_3/tsl_paper/SPI.tlsf,10000,300,0.3338,0.0556,0.0
/workspaces/Automata_SSM_Learning/TestSet/benchmarks/tlsf_3/tsl_paper/SPI.tlsf,10000,400,0.3099,0.1541,0.0
/workspaces/Automata_SSM_Learning/TestSet/benchmarks/tlsf_3/tsl_paper/SPI.tlsf,10000,500,0.2945,0.1897,0.0
/workspaces/Automata_SSM_Learning/TestSet/benchmarks/tlsf_3/tsl_paper/SPI.tlsf,10000,600,0.2789,0.2238,0.0
/workspaces/Automata_SSM_Learning/TestSet/benchmarks/tlsf_3/tsl_paper/SPI.tlsf,10000,700,0.2651,0.2545,0.0
/workspaces/Automata_SSM_Learning/TestSet/benchmarks/tlsf_3/tsl_paper/SPI.tlsf,10000,800,0.2508,0.2738,0.0
/workspaces/Automata_SSM_Learning/TestSet/benchmarks/tlsf_3/tsl_paper/SPI.tlsf,10000,900,0.2367,0.3031,0.0
/workspaces/Automata_SSM_Learning/TestSet/benchmarks/tlsf/lily/lilydemo05.tlsf,10000,0,0.6701,0.6812,0.0
/workspaces/Automata_SSM_Learning/TestSet/benchmarks/tlsf/lily/lilydemo05.tlsf,10000,100,0.3411,0.8917,0.164
/workspaces/Automata_SSM_Learning/TestSet/benchmarks/tlsf/lily/lilydemo05.tlsf,10000,200,0.1694,0.9442,0.397
/workspaces/Automata_SSM_Learning/TestSet/benchmarks/tlsf/lily/lilydemo05.tlsf,10000,300,0.0556,0.989,0.812
/workspaces/Automata_SSM_Learning/TestSet/benchmarks/tlsf/lily/lilydemo05.tlsf,10000,400,0.0187,1.0,1.0
/workspaces/Automata_SSM_Learning/TestSet/benchmarks/tlsf_2/sweap/tasks-real.tlsf,10000,0,0.6581,0.5002,0.0
/workspaces/Automata_SSM_Learning/TestSet/benchmarks/tlsf_2/sweap/tasks-real.tlsf,10000,100,0.1139,0.9929,0.867
/workspaces/Automata_SSM_Learning/TestSet/benchmarks/tlsf_2/sweap/tasks-real.tlsf,10000,200,0.022,0.9979,0.959
/workspaces/Automata_SSM_Learning/TestSet/benchmarks/tlsf_2/sweap/tasks-real.tlsf,10000,300,0.0113,0.9984,0.97
/workspaces/Automata_SSM_Learning/TestSet/benchmarks/tlsf_2/sweap/tasks-real.tlsf,10000,400,0.0072,0.9988,0.976
/workspaces/Automata_SSM_Learning/TestSet/benchmarks/tlsf_2/sweap/tasks-real.tlsf,10000,500,0.0052,0.999,0.979
/workspaces/Automata_SSM_Learning/TestSet/benchmarks/tlsf_2/sweap/tasks-real.tlsf,10000,600,0.004,0.9994,0.988
/workspaces/Automata_SSM_Learning/TestSet/benchmarks/tlsf_2/sweap/tasks-real.tlsf,10000,700,0.0032,0.9995,0.99
/workspaces/Automata_SSM_Learning/TestSet/benchmarks/tlsf_2/sweap/tasks-real.tlsf,10000,800,0.0026,0.9996,0.991
/workspaces/Automata_SSM_Learning/TestSet/benchmarks/tlsf_2/sweap/tasks-real.tlsf,10000,900,0.0022,0.9996,0.992
/workspaces/Automata_SSM_Learning/TestSet/benchmarks/tlsf_2/sweap/thermostat-GF-real.tlsf,10000,0,0.6808,0.0021,0.0
/workspaces/Automata_SSM_Learning/TestSet/benchmarks/tlsf_2/sweap/thermostat-GF-real.tlsf,10000,100,0.2907,0.8015,0.018
/workspaces/Automata_SSM_Learning/TestSet/benchmarks/tlsf_2/sweap/thermostat-GF-real.tlsf,10000,200,0.2732,0.8015,0.018
/workspaces/Automata_SSM_Learning/TestSet/benchmarks/tlsf_2/sweap/thermostat-GF-real.tlsf,10000,300,0.2129,0.7876,0.015
/workspaces/Automata_SSM_Learning/TestSet/benchmarks/tlsf_2/sweap/thermostat-GF-real.tlsf,10000,400,0.1934,0.7938,0.014
/workspaces/Automata_SSM_Learning/TestSet/benchmarks/tlsf_2/sweap/thermostat-GF-real.tlsf,10000,500,0.1829,0.8139,0.024
/workspaces/Automata_SSM_Learning/TestSet/benchmarks/tlsf_2/sweap/thermostat-GF-real.tlsf,10000,600,0.1746,0.8162,0.024
/workspaces/Automata_SSM_Learning/TestSet/benchmarks/tlsf_2/sweap/thermostat-GF-real.tlsf,10000,700,0.1659,0.8212,0.028
/workspaces/Automata_SSM_Learning/TestSet/benchmarks/tlsf_2/sweap/thermostat-GF-real.tlsf,10000,800,0.1579,0.8247,0.028
/workspaces/Automata_SSM_Learning/TestSet/benchmarks/tlsf_2/sweap/thermostat-GF-real.tlsf,10000,900,0.1515,0.8297,0.026
/workspaces/Automata_SSM_Learning/TestSet/benchmarks/tlsf_2/sweap/robot-tasks-real.tlsf,10000,0,0.7056,0.001,0.0
/workspaces/Automata_SSM_Learning/TestSet/benchmarks/tlsf_2/sweap/robot-tasks-real.tlsf,10000,100,0.0111,1.0,1.0
/workspaces/Automata_SSM_Learning/TestSet/benchmarks/tlsf/ltl2dba/non_parametric_from_acacia/ltl2dba18.tlsf,10000,0,0.6984,0.3957,0.0
/workspaces/Automata_SSM_Learning/TestSet/benchmarks/tlsf/ltl2dba/non_parametric_from_acacia/ltl2dba18.tlsf,10000,100,0.4336,0.782,0.01
/workspaces/Automata_SSM_Learning/TestSet/benchmarks/tlsf/ltl2dba/non_parametric_from_acacia/ltl2dba18.tlsf,10000,200,0.3968,0.8207,0.031
/workspaces/Automata_SSM_Learning/TestSet/benchmarks/tlsf/ltl2dba/non_parametric_from_acacia/ltl2dba18.tlsf,10000,300,0.3843,0.8159,0.025
/workspaces/Automata_SSM_Learning/TestSet/benchmarks/tlsf/ltl2dba/non_parametric_from_acacia/ltl2dba18.tlsf,10000,400,0.3425,0.8588,0.076
/workspaces/Automata_SSM_Learning/TestSet/benchmarks/tlsf/ltl2dba/non_parametric_from_acacia/ltl2dba18.tlsf,10000,500,0.2582,0.9093,0.215
/workspaces/Automata_SSM_Learning/TestSet/benchmarks/tlsf/ltl2dba/non_parametric_from_acacia/ltl2dba18.tlsf,10000,600,0.2361,0.9117,0.231
/workspaces/Automata_SSM_Learning/TestSet/benchmarks/tlsf/ltl2dba/non_parametric_from_acacia/ltl2dba18.tlsf,10000,700,0.2278,0.9122,0.233
/workspaces/Automata_SSM_Learning/TestSet/benchmarks/tlsf/ltl2dba/non_parametric_from_acacia/ltl2dba18.tlsf,10000,800,0.2233,0.9122,0.232
/workspaces/Automata_SSM_Learning/TestSet/benchmarks/tlsf/ltl2dba/non_parametric_from_acacia/ltl2dba18.tlsf,10000,900,0.2207,0.9122,0.231
/workspaces/Automata_SSM_Learning/TestSet/benchmarks/tlsf/lily/lilydemo17.tlsf,10000,0,0.6948,0.3,0.0
/workspaces/Automata_SSM_Learning/TestSet/benchmarks/tlsf/lily/lilydemo17.tlsf,10000,100,0.6298,0.0,0.0
/workspaces/Automata_SSM_Learning/TestSet/benchmarks/tlsf/lily/lilydemo17.tlsf,10000,200,0.0419,1.0,1.0
/workspaces/Automata_SSM_Learning/TestSet/benchmarks/tlsf_3/tsl_paper/OneCounterInRangeA3.tlsf,10000,0,0.6928,0.0,0.0
/workspaces/Automata_SSM_Learning/TestSet/benchmarks/tlsf_3/tsl_paper/OneCounterInRangeA3.tlsf,10000,100,0.4047,0.6402,0.0
/workspaces/Automata_SSM_Learning/TestSet/benchmarks/tlsf_3/tsl_paper/OneCounterInRangeA3.tlsf,10000,200,0.2934,0.7309,0.003
/workspaces/Automata_SSM_Learning/TestSet/benchmarks/tlsf_3/tsl_paper/OneCounterInRangeA3.tlsf,10000,300,0.2392,0.7891,0.008
/workspaces/Automata_SSM_Learning/TestSet/benchmarks/tlsf_3/tsl_paper/OneCounterInRangeA3.tlsf,10000,400,0.2175,0.8157,0.014
/workspaces/Automata_SSM_Learning/TestSet/benchmarks/tlsf_3/tsl_paper/OneCounterInRangeA3.tlsf,10000,500,0.2091,0.8163,0.013
/workspaces/Automata_SSM_Learning/TestSet/benchmarks/tlsf_3/tsl_paper/OneCounterInRangeA3.tlsf,10000,600,0.2055,0.8165,0.014
/workspaces/Automata_SSM_Learning/TestSet/benchmarks/tlsf_3/tsl_paper/OneCounterInRangeA3.tlsf,10000,700,0.2037,0.8194,0.016
/workspaces/Automata_SSM_Learning/TestSet/benchmarks/tlsf_3/tsl_paper/OneCounterInRangeA3.tlsf,10000,800,0.2027,0.8221,0.018
/workspaces/Automata_SSM_Learning/TestSet/benchmarks/tlsf_3/tsl_paper/OneCounterInRangeA3.tlsf,10000,900,0.202,0.8221,0.018
/workspaces/Automata_SSM_Learning/TestSet/benchmarks/tlsf_3/tsl_paper/Zoo0.tlsf,10000,0,0.7136,0.0,0.0
/workspaces/Automata_SSM_Learning/TestSet/benchmarks/tlsf_3/tsl_paper/Zoo0.tlsf,10000,100,0.4392,0.3836,0.0
/workspaces/Automata_SSM_Learning/TestSet/benchmarks/tlsf_3/tsl_paper/Zoo0.tlsf,10000,200,0.3394,0.3225,0.0
/workspaces/Automata_SSM_Learning/TestSet/benchmarks/tlsf_3/tsl_paper/Zoo0.tlsf,10000,300,0.2425,0.4425,0.0
/workspaces/Automata_SSM_Learning/TestSet/benchmarks/tlsf_3/tsl_paper/Zoo0.tlsf,10000,400,0.1881,0.4547,0.0
/workspaces/Automata_SSM_Learning/TestSet/benchmarks/tlsf_3/tsl_paper/Zoo0.tlsf,10000,500,0.1545,0.5343,0.0
/workspaces/Automata_SSM_Learning/TestSet/benchmarks/tlsf_3/tsl_paper/Zoo0.tlsf,10000,600,0.1381,0.5491,0.0
/workspaces/Automata_SSM_Learning/TestSet/benchmarks/tlsf_3/tsl_paper/Zoo0.tlsf,10000,700,0.1304,0.5601,0.0
/workspaces/Automata_SSM_Learning/TestSet/benchmarks/tlsf_3/tsl_paper/Zoo0.tlsf,10000,800,0.1262,0.5602,0.0
/workspaces/Automata_SSM_Learning/TestSet/benchmarks/tlsf_3/tsl_paper/Zoo0.tlsf,10000,900,0.1235,0.5643,0.0
/workspaces/Automata_SSM_Learning/TestSet/benchmarks/tlsf_3/tsl_paper/TwoCounters3.tlsf,10000,0,0.6873,0.0,0.0
/workspaces/Automata_SSM_Learning/TestSet/benchmarks/tlsf_3/tsl_paper/TwoCounters3.tlsf,10000,100,0.0332,1.0,1.0
/workspaces/Automata_SSM_Learning/TestSet/benchmarks/tlsf_3/tsl_paper/Automata32S.tlsf,10000,0,0.6967,0.0,0.0
/workspaces/Automata_SSM_Learning/TestSet/benchmarks/tlsf_3/tsl_paper/Automata32S.tlsf,10000,100,0.1069,0.0,0.0
/workspaces/Automata_SSM_Learning/TestSet/benchmarks/tlsf_3/tsl_paper/Automata32S.tlsf,10000,200,0.0859,0.4684,0.0
/workspaces/Automata_SSM_Learning/TestSet/benchmarks/tlsf_3/tsl_paper/Automata32S.tlsf,10000,300,0.0808,0.4955,0.0
/workspaces/Automata_SSM_Learning/TestSet/benchmarks/tlsf_3/tsl_paper/Automata32S.tlsf,10000,400,0.0787,0.4955,0.0
/workspaces/Automata_SSM_Learning/TestSet/benchmarks/tlsf_3/tsl_paper/Automata32S.tlsf,10000,500,0.0776,0.4955,0.0
/workspaces/Automata_SSM_Learning/TestSet/benchmarks/tlsf_3/tsl_paper/Automata32S.tlsf,10000,600,0.0769,0.4955,0.0
/workspaces/Automata_SSM_Learning/TestSet/benchmarks/tlsf_3/tsl_paper/Automata32S.tlsf,10000,700,0.0764,0.4955,0.0
/workspaces/Automata_SSM_Learning/TestSet/benchmarks/tlsf_3/tsl_paper/Automata32S.tlsf,10000,800,0.0761,0.4955,0.0
/workspaces/Automata_SSM_Learning/TestSet/benchmarks/tlsf_3/tsl_paper/Automata32S.tlsf,10000,900,0.0758,0.49,0.0
/workspaces/Automata_SSM_Learning/TestSet/benchmarks/tlsf_4/ordered-visits-choice-real.tlsf,10000,0,0.6395,1.0,1.0
/workspaces/Automata_SSM_Learning/TestSet/benchmarks/tlsf/load_balancer_unreal/parametric/load_balancer_unreal2.tlsf,10000,0,0.6888,0.0532,0.0
/workspaces/Automata_SSM_Learning/TestSet/benchmarks/tlsf/load_balancer_unreal/parametric/load_balancer_unreal2.tlsf,10000,100,0.1686,0.9019,0.0
/workspaces/Automata_SSM_Learning/TestSet/benchmarks/tlsf/load_balancer_unreal/parametric/load_balancer_unreal2.tlsf,10000,200,0.1504,0.9089,0.0
/workspaces/Automata_SSM_Learning/TestSet/benchmarks/tlsf/load_balancer_unreal/parametric/load_balancer_unreal2.tlsf,10000,300,0.1241,0.9312,0.293
/workspaces/Automata_SSM_Learning/TestSet/benchmarks/tlsf/load_balancer_unreal/parametric/load_balancer_unreal2.tlsf,10000,400,0.0695,0.9759,0.707
/workspaces/Automata_SSM_Learning/TestSet/benchmarks/tlsf/load_balancer_unreal/parametric/load_balancer_unreal2.tlsf,10000,500,0.0492,0.9768,0.714
/workspaces/Automata_SSM_Learning/TestSet/benchmarks/tlsf/load_balancer_unreal/parametric/load_balancer_unreal2.tlsf,10000,600,0.0395,0.9768,0.714
/workspaces/Automata_SSM_Learning/TestSet/benchmarks/tlsf/load_balancer_unreal/parametric/load_balancer_unreal2.tlsf,10000,700,0.0328,0.9768,0.714
/workspaces/Automata_SSM_Learning/TestSet/benchmarks/tlsf/load_balancer_unreal/parametric/load_balancer_unreal2.tlsf,10000,800,0.0281,0.9785,0.715
/workspaces/Automata_SSM_Learning/TestSet/benchmarks/tlsf/load_balancer_unreal/parametric/load_balancer_unreal2.tlsf,10000,900,0.0249,0.9802,0.728
/workspaces/Automata_SSM_Learning/TestSet/benchmarks/tlsf/ltl2dpa/ltl2dpa17.tlsf,10000,0,0.7264,0.0515,0.0
/workspaces/Automata_SSM_Learning/TestSet/benchmarks/tlsf/ltl2dpa/ltl2dpa17.tlsf,10000,100,0.167,0.8971,0.093
/workspaces/Automata_SSM_Learning/TestSet/benchmarks/tlsf/ltl2dpa/ltl2dpa17.tlsf,10000,200,0.1104,0.9335,0.449
/workspaces/Automata_SSM_Learning/TestSet/benchmarks/tlsf/ltl2dpa/ltl2dpa17.tlsf,10000,300,0.0885,0.9222,0.392
/workspaces/Automata_SSM_Learning/TestSet/benchmarks/tlsf/ltl2dpa/ltl2dpa17.tlsf,10000,400,0.0787,0.9487,0.553
/workspaces/Automata_SSM_Learning/TestSet/benchmarks/tlsf/ltl2dpa/ltl2dpa17.tlsf,10000,500,0.0713,0.9542,0.583
/workspaces/Automata_SSM_Learning/TestSet/benchmarks/tlsf/ltl2dpa/ltl2dpa17.tlsf,10000,600,0.0645,0.9577,0.583
/workspaces/Automata_SSM_Learning/TestSet/benchmarks/tlsf/ltl2dpa/ltl2dpa17.tlsf,10000,700,0.0594,0.9597,0.578
/workspaces/Automata_SSM_Learning/TestSet/benchmarks/tlsf/ltl2dpa/ltl2dpa17.tlsf,10000,800,0.0553,0.9617,0.586
/workspaces/Automata_SSM_Learning/TestSet/benchmarks/tlsf/ltl2dpa/ltl2dpa17.tlsf,10000,900,0.0471,0.9653,0.632
/workspaces/Automata_SSM_Learning/TestSet/benchmarks/tlsf/ltl_f/generated_TLSF/workstation_resupply_pb_1_pe_.tlsf,10000,0,0.7196,0.0,0.0
/workspaces/Automata_SSM_Learning/TestSet/benchmarks/tlsf/ltl_f/generated_TLSF/workstation_resupply_pb_1_pe_.tlsf,10000,100,0.2888,0.6501,0.0
/workspaces/Automata_SSM_Learning/TestSet/benchmarks/tlsf/ltl_f/generated_TLSF/workstation_resupply_pb_1_pe_.tlsf,10000,200,0.1932,0.6554,0.0
/workspaces/Automata_SSM_Learning/TestSet/benchmarks/tlsf/ltl_f/generated_TLSF/workstation_resupply_pb_1_pe_.tlsf,10000,300,0.1676,0.6766,0.0
/workspaces/Automata_SSM_Learning/TestSet/benchmarks/tlsf/ltl_f/generated_TLSF/workstation_resupply_pb_1_pe_.tlsf,10000,400,0.1327,0.6826,0.0
/workspaces/Automata_SSM_Learning/TestSet/benchmarks/tlsf/ltl_f/generated_TLSF/workstation_resupply_pb_1_pe_.tlsf,10000,500,0.0984,0.8331,0.0
/workspaces/Automata_SSM_Learning/TestSet/benchmarks/tlsf/ltl_f/generated_TLSF/workstation_resupply_pb_1_pe_.tlsf,10000,600,0.073,0.919,0.0
/workspaces/Automata_SSM_Learning/TestSet/benchmarks/tlsf/ltl_f/generated_TLSF/workstation_resupply_pb_1_pe_.tlsf,10000,700,0.0537,0.9519,0.268
/workspaces/Automata_SSM_Learning/TestSet/benchmarks/tlsf/ltl_f/generated_TLSF/workstation_resupply_pb_1_pe_.tlsf,10000,800,0.0404,0.9784,0.567
/workspaces/Automata_SSM_Learning/TestSet/benchmarks/tlsf/ltl_f/generated_TLSF/workstation_resupply_pb_1_pe_.tlsf,10000,900,0.031,0.9784,0.567
/workspaces/Automata_SSM_Learning/TestSet/benchmarks/tlsf/full_arbiter/parametric/full_arbiter.tlsf,10000,0,0.6929,0.334,0.0
/workspaces/Automata_SSM_Learning/TestSet/benchmarks/tlsf/full_arbiter/parametric/full_arbiter.tlsf,10000,100,0.3837,0.7605,0.016
/workspaces/Automata_SSM_Learning/TestSet/benchmarks/tlsf/full_arbiter/parametric/full_arbiter.tlsf,10000,200,0.1642,0.913,0.237
/workspaces/Automata_SSM_Learning/TestSet/benchmarks/tlsf/full_arbiter/parametric/full_arbiter.tlsf,10000,300,0.0401,0.9986,0.974
/workspaces/Automata_SSM_Learning/TestSet/benchmarks/tlsf/full_arbiter/parametric/full_arbiter.tlsf,10000,400,0.0177,1.0,1.0
/workspaces/Automata_SSM_Learning/TestSet/benchmarks/tlsf/ltl2dba/non_parametric_from_acacia/ltl2dba04.tlsf,10000,0,0.6464,0.9483,0.477
/workspaces/Automata_SSM_Learning/TestSet/benchmarks/tlsf/ltl2dba/non_parametric_from_acacia/ltl2dba04.tlsf,10000,100,0.1519,0.9483,0.477
/workspaces/Automata_SSM_Learning/TestSet/benchmarks/tlsf/ltl2dba/non_parametric_from_acacia/ltl2dba04.tlsf,10000,200,0.1213,0.9634,0.628
/workspaces/Automata_SSM_Learning/TestSet/benchmarks/tlsf/ltl2dba/non_parametric_from_acacia/ltl2dba04.tlsf,10000,300,0.0681,0.9763,0.734
/workspaces/Automata_SSM_Learning/TestSet/benchmarks/tlsf/ltl2dba/non_parametric_from_acacia/ltl2dba04.tlsf,10000,400,0.0323,0.9913,0.884
/workspaces/Automata_SSM_Learning/TestSet/benchmarks/tlsf/ltl2dba/non_parametric_from_acacia/ltl2dba04.tlsf,10000,500,0.0189,0.9968,0.958
/workspaces/Automata_SSM_Learning/TestSet/benchmarks/tlsf/ltl2dba/non_parametric_from_acacia/ltl2dba04.tlsf,10000,600,0.011,0.9984,0.973
/workspaces/Automata_SSM_Learning/TestSet/benchmarks/tlsf/ltl2dba/non_parametric_from_acacia/ltl2dba04.tlsf,10000,700,0.006,0.9994,0.991
/workspaces/Automata_SSM_Learning/TestSet/benchmarks/tlsf/ltl2dba/non_parametric_from_acacia/ltl2dba04.tlsf,10000,800,0.0037,0.9992,0.993
/workspaces/Automata_SSM_Learning/TestSet/benchmarks/tlsf/ltl2dba/non_parametric_from_acacia/ltl2dba04.tlsf,10000,900,0.0025,0.9993,0.995
/workspaces/Automata_SSM_Learning/TestSet/benchmarks/tlsf_3/tsl_paper/KitchenTimerV7.tlsf,10000,0,0.682,0.0,0.0
/workspaces/Automata_SSM_Learning/TestSet/benchmarks/tlsf_3/tsl_paper/KitchenTimerV7.tlsf,10000,100,0.3058,0.0,0.0
/workspaces/Automata_SSM_Learning/TestSet/benchmarks/tlsf_3/tsl_paper/KitchenTimerV7.tlsf,10000,200,0.2943,0.0,0.0
/workspaces/Automata_SSM_Learning/TestSet/benchmarks/tlsf_3/tsl_paper/KitchenTimerV7.tlsf,10000,300,0.267,0.1721,0.0
/workspaces/Automata_SSM_Learning/TestSet/benchmarks/tlsf_3/tsl_paper/KitchenTimerV7.tlsf,10000,400,0.2239,0.5635,0.0
/workspaces/Automata_SSM_Learning/TestSet/benchmarks/tlsf_3/tsl_paper/KitchenTimerV7.tlsf,10000,500,0.1863,0.5641,0.0
/workspaces/Automata_SSM_Learning/TestSet/benchmarks/tlsf_3/tsl_paper/KitchenTimerV7.tlsf,10000,600,0.1646,0.5921,0.0
/workspaces/Automata_SSM_Learning/TestSet/benchmarks/tlsf_3/tsl_paper/KitchenTimerV7.tlsf,10000,700,0.1505,0.6344,0.001
/workspaces/Automata_SSM_Learning/TestSet/benchmarks/tlsf_3/tsl_paper/KitchenTimerV7.tlsf,10000,800,0.141,0.6431,0.001
/workspaces/Automata_SSM_Learning/TestSet/benchmarks/tlsf_3/tsl_paper/KitchenTimerV7.tlsf,10000,900,0.1331,0.663,0.0
/workspaces/Automata_SSM_Learning/TestSet/benchmarks/tlsf/ltl2dba/non_parametric_from_acacia/ltl2dba10.tlsf,10000,0,0.6948,0.5014,0.0
/workspaces/Automata_SSM_Learning/TestSet/benchmarks/tlsf/ltl2dba/non_parametric_from_acacia/ltl2dba10.tlsf,10000,100,0.1446,0.9923,0.865
/workspaces/Automata_SSM_Learning/TestSet/benchmarks/tlsf/ltl2dba/non_parametric_from_acacia/ltl2dba10.tlsf,10000,200,0.0349,0.9993,0.989
/workspaces/Automata_SSM_Learning/TestSet/benchmarks/tlsf/ltl2dba/non_parametric_from_acacia/ltl2dba10.tlsf,10000,300,0.0113,1.0,1.0
/workspaces/Automata_SSM_Learning/TestSet/benchmarks/tlsf_3/tsl_paper/SPIReadManag.tlsf,10000,0,0.6841,0.0,0.0
/workspaces/Automata_SSM_Learning/TestSet/benchmarks/tlsf_3/tsl_paper/SPIReadManag.tlsf,10000,100,0.4697,0.0,0.0
/workspaces/Automata_SSM_Learning/TestSet/benchmarks/tlsf_3/tsl_paper/SPIReadManag.tlsf,10000,200,0.361,0.1969,0.0
/workspaces/Automata_SSM_Learning/TestSet/benchmarks/tlsf_3/tsl_paper/SPIReadManag.tlsf,10000,300,0.269,0.3397,0.0
/workspaces/Automata_SSM_Learning/TestSet/benchmarks/tlsf_3/tsl_paper/SPIReadManag.tlsf,10000,400,0.2238,0.423,0.0
/workspaces/Automata_SSM_Learning/TestSet/benchmarks/tlsf_3/tsl_paper/SPIReadManag.tlsf,10000,500,0.1958,0.4958,0.0
/workspaces/Automata_SSM_Learning/TestSet/benchmarks/tlsf_3/tsl_paper/SPIReadManag.tlsf,10000,600,0.1755,0.5699,0.0
/workspaces/Automata_SSM_Learning/TestSet/benchmarks/tlsf_3/tsl_paper/SPIReadManag.tlsf,10000,700,0.1607,0.5996,0.0
/workspaces/Automata_SSM_Learning/TestSet/benchmarks/tlsf_3/tsl_paper/SPIReadManag.tlsf,10000,800,0.1498,0.6123,0.0
/workspaces/Automata_SSM_Learning/TestSet/benchmarks/tlsf_3/tsl_paper/SPIReadManag.tlsf,10000,900,0.1414,0.6207,0.0
/workspaces/Automata_SSM_Learning/TestSet/benchmarks/tlsf_2/sweap/robot-grid-reach-repeated-with-obstacles-1d-real.tlsf,10000,0,0.7228,0.1676,0.0
/workspaces/Automata_SSM_Learning/TestSet/benchmarks/tlsf_2/sweap/robot-grid-reach-repeated-with-obstacles-1d-real.tlsf,10000,100,0.2585,0.8246,0.025
/workspaces/Automata_SSM_Learning/TestSet/benchmarks/tlsf_2/sweap/robot-grid-reach-repeated-with-obstacles-1d-real.tlsf,10000,200,0.0455,0.9899,0.855
/workspaces/Automata_SSM_Learning/TestSet/benchmarks/tlsf_2/sweap/robot-grid-reach-repeated-with-obstacles-1d-real.tlsf,10000,300,0.025,0.9899,0.853
/workspaces/Automata_SSM_Learning/TestSet/benchmarks/tlsf_2/sweap/robot-grid-reach-repeated-with-obstacles-1d-real.tlsf,10000,400,0.0196,0.9929,0.888
/workspaces/Automata_SSM_Learning/TestSet/benchmarks/tlsf_2/sweap/robot-grid-reach-repeated-with-obstacles-1d-real.tlsf,10000,500,0.0167,0.9944,0.908
/workspaces/Automata_SSM_Learning/TestSet/benchmarks/tlsf_2/sweap/robot-grid-reach-repeated-with-obstacles-1d-real.tlsf,10000,600,0.0147,0.9957,0.92
/workspaces/Automata_SSM_Learning/TestSet/benchmarks/tlsf_2/sweap/robot-grid-reach-repeated-with-obstacles-1d-real.tlsf,10000,700,0.0129,0.9971,0.945
/workspaces/Automata_SSM_Learning/TestSet/benchmarks/tlsf_2/sweap/robot-grid-reach-repeated-with-obstacles-1d-real.tlsf,10000,800,0.0112,0.9976,0.953
/workspaces/Automata_SSM_Learning/TestSet/benchmarks/tlsf_2/sweap/robot-grid-reach-repeated-with-obstacles-1d-real.tlsf,10000,900,0.0098,0.9976,0.953
/workspaces/Automata_SSM_Learning/TestSet/benchmarks/tlsf_3/tsl_paper/KitchenTimerV2.tlsf,10000,0,0.6625,0.0,0.0
/workspaces/Automata_SSM_Learning/TestSet/benchmarks/tlsf_3/tsl_paper/KitchenTimerV2.tlsf,10000,100,0.3522,0.5487,0.0
/workspaces/Automata_SSM_Learning/TestSet/benchmarks/tlsf_3/tsl_paper/KitchenTimerV2.tlsf,10000,200,0.3092,0.4387,0.0
/workspaces/Automata_SSM_Learning/TestSet/benchmarks/tlsf_3/tsl_paper/KitchenTimerV2.tlsf,10000,300,0.2473,0.6091,0.0
/workspaces/Automata_SSM_Learning/TestSet/benchmarks/tlsf_3/tsl_paper/KitchenTimerV2.tlsf,10000,400,0.1776,0.6438,0.0
/workspaces/Automata_SSM_Learning/TestSet/benchmarks/tlsf_3/tsl_paper/KitchenTimerV2.tlsf,10000,500,0.137,0.7824,0.017
/workspaces/Automata_SSM_Learning/TestSet/benchmarks/tlsf_3/tsl_paper/KitchenTimerV2.tlsf,10000,600,0.1146,0.839,0.103
/workspaces/Automata_SSM_Learning/TestSet/benchmarks/tlsf_3/tsl_paper/KitchenTimerV2.tlsf,10000,700,0.0985,0.864,0.184
/workspaces/Automata_SSM_Learning/TestSet/benchmarks/tlsf_3/tsl_paper/KitchenTimerV2.tlsf,10000,800,0.0819,0.8926,0.264
/workspaces/Automata_SSM_Learning/TestSet/benchmarks/tlsf_3/tsl_paper/KitchenTimerV2.tlsf,10000,900,0.0639,0.9253,0.394
/workspaces/Automata_SSM_Learning/TestSet/benchmarks/tlsf/ltl2dba/non_parametric_from_acacia/ltl2dba06.tlsf,10000,0,0.7052,0.4049,0.003
/workspaces/Automata_SSM_Learning/TestSet/benchmarks/tlsf/ltl2dba/non_parametric_from_acacia/ltl2dba06.tlsf,10000,100,0.3708,0.8928,0.18
/workspaces/Automata_SSM_Learning/TestSet/benchmarks/tlsf/ltl2dba/non_parametric_from_acacia/ltl2dba06.tlsf,10000,200,0.3361,0.9065,0.191
/workspaces/Automata_SSM_Learning/TestSet/benchmarks/tlsf/ltl2dba/non_parametric_from_acacia/ltl2dba06.tlsf,10000,300,0.315,0.9066,0.181
/workspaces/Automata_SSM_Learning/TestSet/benchmarks/tlsf/ltl2dba/non_parametric_from_acacia/ltl2dba06.tlsf,10000,400,0.2833,0.9042,0.157
/workspaces/Automata_SSM_Learning/TestSet/benchmarks/tlsf/ltl2dba/non_parametric_from_acacia/ltl2dba06.tlsf,10000,500,0.2595,0.9027,0.165
/workspaces/Automata_SSM_Learning/TestSet/benchmarks/tlsf/ltl2dba/non_parametric_from_acacia/ltl2dba06.tlsf,10000,600,0.2443,0.9032,0.163
/workspaces/Automata_SSM_Learning/TestSet/benchmarks/tlsf/ltl2dba/non_parametric_from_acacia/ltl2dba06.tlsf,10000,700,0.2304,0.9048,0.16
/workspaces/Automata_SSM_Learning/TestSet/benchmarks/tlsf/ltl2dba/non_parametric_from_acacia/ltl2dba06.tlsf,10000,800,0.2207,0.9073,0.17
/workspaces/Automata_SSM_Learning/TestSet/benchmarks/tlsf/ltl2dba/non_parametric_from_acacia/ltl2dba06.tlsf,10000,900,0.2094,0.9123,0.196
/workspaces/Automata_SSM_Learning/TestSet/benchmarks/tlsf/ltl2dba/non_parametric_from_acacia/ltl2dba19.tlsf,10000,0,0.7087,0.3889,0.041
/workspaces/Automata_SSM_Learning/TestSet/benchmarks/tlsf/ltl2dba/non_parametric_from_acacia/ltl2dba19.tlsf,10000,100,0.3882,0.8543,0.187
/workspaces/Automata_SSM_Learning/TestSet/benchmarks/tlsf/ltl2dba/non_parametric_from_acacia/ltl2dba19.tlsf,10000,200,0.2665,0.8887,0.277
/workspaces/Automata_SSM_Learning/TestSet/benchmarks/tlsf/ltl2dba/non_parametric_from_acacia/ltl2dba19.tlsf,10000,300,0.2306,0.9069,0.399
/workspaces/Automata_SSM_Learning/TestSet/benchmarks/tlsf/ltl2dba/non_parametric_from_acacia/ltl2dba19.tlsf,10000,400,0.1923,0.9305,0.554
/workspaces/Automata_SSM_Learning/TestSet/benchmarks/tlsf/ltl2dba/non_parametric_from_acacia/ltl2dba19.tlsf,10000,500,0.0648,0.9889,0.86
/workspaces/Automata_SSM_Learning/TestSet/benchmarks/tlsf/ltl2dba/non_parametric_from_acacia/ltl2dba19.tlsf,10000,600,0.0205,0.9999,0.997
/workspaces/Automata_SSM_Learning/TestSet/benchmarks/tlsf/ltl2dba/non_parametric_from_acacia/ltl2dba19.tlsf,10000,700,0.0096,1.0,1.0
/workspaces/Automata_SSM_Learning/TestSet/benchmarks/tlsf_2/sweap/robot_collect_samples_v2-real.tlsf,10000,0,0.6911,0.0179,0.0
/workspaces/Automata_SSM_Learning/TestSet/benchmarks/tlsf_2/sweap/robot_collect_samples_v2-real.tlsf,10000,100,0.2694,0.7856,0.001
/workspaces/Automata_SSM_Learning/TestSet/benchmarks/tlsf_2/sweap/robot_collect_samples_v2-real.tlsf,10000,200,0.1092,0.954,0.565
/workspaces/Automata_SSM_Learning/TestSet/benchmarks/tlsf_2/sweap/robot_collect_samples_v2-real.tlsf,10000,300,0.0652,0.9671,0.579
/workspaces/Automata_SSM_Learning/TestSet/benchmarks/tlsf_2/sweap/robot_collect_samples_v2-real.tlsf,10000,400,0.0303,0.9827,0.687
/workspaces/Automata_SSM_Learning/TestSet/benchmarks/tlsf_2/sweap/robot_collect_samples_v2-real.tlsf,10000,500,0.0142,0.999,0.98
/workspaces/Automata_SSM_Learning/TestSet/benchmarks/tlsf_2/sweap/robot_collect_samples_v2-real.tlsf,10000,600,0.0081,0.9991,0.982
/workspaces/Automata_SSM_Learning/TestSet/benchmarks/tlsf_2/sweap/robot_collect_samples_v2-real.tlsf,10000,700,0.0054,0.9993,0.986
/workspaces/Automata_SSM_Learning/TestSet/benchmarks/tlsf_2/sweap/robot_collect_samples_v2-real.tlsf,10000,800,0.0039,0.9995,0.99
/workspaces/Automata_SSM_Learning/TestSet/benchmarks/tlsf_2/sweap/robot_collect_samples_v2-real.tlsf,10000,900,0.003,0.9995,0.99
/workspaces/Automata_SSM_Learning/TestSet/benchmarks/tlsf/chomp_game/parametric/chomp.tlsf,10000,0,0.6982,0.0,0.0
/workspaces/Automata_SSM_Learning/TestSet/benchmarks/tlsf/chomp_game/parametric/chomp.tlsf,10000,100,0.3394,0.4763,0.0
/workspaces/Automata_SSM_Learning/TestSet/benchmarks/tlsf/chomp_game/parametric/chomp.tlsf,10000,200,0.297,0.4793,0.0
/workspaces/Automata_SSM_Learning/TestSet/benchmarks/tlsf/chomp_game/parametric/chomp.tlsf,10000,300,0.2239,0.4768,0.0
/workspaces/Automata_SSM_Learning/TestSet/benchmarks/tlsf/chomp_game/parametric/chomp.tlsf,10000,400,0.1152,0.7414,0.0
/workspaces/Automata_SSM_Learning/TestSet/benchmarks/tlsf/chomp_game/parametric/chomp.tlsf,10000,500,0.0976,0.7465,0.0
/workspaces/Automata_SSM_Learning/TestSet/benchmarks/tlsf/chomp_game/parametric/chomp.tlsf,10000,600,0.0882,0.7987,0.001
/workspaces/Automata_SSM_Learning/TestSet/benchmarks/tlsf/chomp_game/parametric/chomp.tlsf,10000,700,0.0816,0.8122,0.0
/workspaces/Automata_SSM_Learning/TestSet/benchmarks/tlsf/chomp_game/parametric/chomp.tlsf,10000,800,0.077,0.8373,0.015
/workspaces/Automata_SSM_Learning/TestSet/benchmarks/tlsf/chomp_game/parametric/chomp.tlsf,10000,900,0.0734,0.8349,0.015
/workspaces/Automata_SSM_Learning/TestSet/benchmarks/tlsf/parametric/arbiter_on_inpchange.tlsf,10000,0,0.7337,0.2408,0.0
/workspaces/Automata_SSM_Learning/TestSet/benchmarks/tlsf/parametric/arbiter_on_inpchange.tlsf,10000,100,0.5542,0.7592,0.0
/workspaces/Automata_SSM_Learning/TestSet/benchmarks/tlsf/parametric/arbiter_on_inpchange.tlsf,10000,200,0.5363,0.7592,0.0
/workspaces/Automata_SSM_Learning/TestSet/benchmarks/tlsf/parametric/arbiter_on_inpchange.tlsf,10000,300,0.5228,0.7593,0.0
/workspaces/Automata_SSM_Learning/TestSet/benchmarks/tlsf/parametric/arbiter_on_inpchange.tlsf,10000,400,0.2436,0.9123,0.201
/workspaces/Automata_SSM_Learning/TestSet/benchmarks/tlsf/parametric/arbiter_on_inpchange.tlsf,10000,500,0.0306,1.0,1.0
/workspaces/Automata_SSM_Learning/TestSet/benchmarks/tlsf/robot_grid/parametric/robot_grid.tlsf,10000,0,0.6991,0.0343,0.0
/workspaces/Automata_SSM_Learning/TestSet/benchmarks/tlsf/robot_grid/parametric/robot_grid.tlsf,10000,100,0.6193,0.1013,0.0
/workspaces/Automata_SSM_Learning/TestSet/benchmarks/tlsf/robot_grid/parametric/robot_grid.tlsf,10000,200,0.6005,0.1113,0.0
/workspaces/Automata_SSM_Learning/TestSet/benchmarks/tlsf/robot_grid/parametric/robot_grid.tlsf,10000,300,0.5815,0.1301,0.0
/workspaces/Automata_SSM_Learning/TestSet/benchmarks/tlsf/robot_grid/parametric/robot_grid.tlsf,10000,400,0.5619,0.1586,0.0
/workspaces/Automata_SSM_Learning/TestSet/benchmarks/tlsf/robot_grid/parametric/robot_grid.tlsf,10000,500,0.5407,0.1952,0.0
/workspaces/Automata_SSM_Learning/TestSet/benchmarks/tlsf/robot_grid/parametric/robot_grid.tlsf,10000,600,0.521,0.2343,0.0
/workspaces/Automata_SSM_Learning/TestSet/benchmarks/tlsf/robot_grid/parametric/robot_grid.tlsf,10000,700,0.5044,0.2603,0.0
/workspaces/Automata_SSM_Learning/TestSet/benchmarks/tlsf/robot_grid/parametric/robot_grid.tlsf,10000,800,0.4919,0.2792,0.0
/workspaces/Automata_SSM_Learning/TestSet/benchmarks/tlsf/robot_grid/parametric/robot_grid.tlsf,10000,900,0.4818,0.2974,0.0
/workspaces/Automata_SSM_Learning/TestSet/benchmarks/tlsf/lily/lilydemo13.tlsf,10000,0,0.6903,1.0,1.0
/workspaces/Automata_SSM_Learning/TestSet/benchmarks/tlsf/ltl2dba/non_parametric_from_acacia/ltl2dba23.tlsf,10000,0,0.75,0.0455,0.0
/workspaces/Automata_SSM_Learning/TestSet/benchmarks/tlsf/ltl2dba/non_parametric_from_acacia/ltl2dba23.tlsf,10000,100,0.1417,0.9545,0.524
/workspaces/Automata_SSM_Learning/TestSet/benchmarks/tlsf/ltl2dba/non_parametric_from_acacia/ltl2dba23.tlsf,10000,200,0.0846,0.9615,0.53
/workspaces/Automata_SSM_Learning/TestSet/benchmarks/tlsf/ltl2dba/non_parametric_from_acacia/ltl2dba23.tlsf,10000,300,0.0717,0.9636,0.533
/workspaces/Automata_SSM_Learning/TestSet/benchmarks/tlsf/ltl2dba/non_parametric_from_acacia/ltl2dba23.tlsf,10000,400,0.064,0.9762,0.665
/workspaces/Automata_SSM_Learning/TestSet/benchmarks/tlsf/ltl2dba/non_parametric_from_acacia/ltl2dba23.tlsf,10000,500,0.0582,0.9736,0.671
/workspaces/Automata_SSM_Learning/TestSet/benchmarks/tlsf/ltl2dba/non_parametric_from_acacia/ltl2dba23.tlsf,10000,600,0.0528,0.9764,0.685
/workspaces/Automata_SSM_Learning/TestSet/benchmarks/tlsf/ltl2dba/non_parametric_from_acacia/ltl2dba23.tlsf,10000,700,0.0414,0.9866,0.809
/workspaces/Automata_SSM_Learning/TestSet/benchmarks/tlsf/ltl2dba/non_parametric_from_acacia/ltl2dba23.tlsf,10000,800,0.0245,0.9931,0.872
/workspaces/Automata_SSM_Learning/TestSet/benchmarks/tlsf/ltl2dba/non_parametric_from_acacia/ltl2dba23.tlsf,10000,900,0.0124,1.0,1.0
/workspaces/Automata_SSM_Learning/TestSet/benchmarks/tlsf_3/tsl_paper/Zoo5.tlsf,10000,0,0.7014,0.0,0.0
/workspaces/Automata_SSM_Learning/TestSet/benchmarks/tlsf_3/tsl_paper/Zoo5.tlsf,10000,100,0.4349,0.3971,0.0
/workspaces/Automata_SSM_Learning/TestSet/benchmarks/tlsf_3/tsl_paper/Zoo5.tlsf,10000,200,0.3193,0.3392,0.0
/workspaces/Automata_SSM_Learning/TestSet/benchmarks/tlsf_3/tsl_paper/Zoo5.tlsf,10000,300,0.239,0.4811,0.0
/workspaces/Automata_SSM_Learning/TestSet/benchmarks/tlsf_3/tsl_paper/Zoo5.tlsf,10000,400,0.1997,0.4968,0.0
/workspaces/Automata_SSM_Learning/TestSet/benchmarks/tlsf_3/tsl_paper/Zoo5.tlsf,10000,500,0.1716,0.5679,0.0
/workspaces/Automata_SSM_Learning/TestSet/benchmarks/tlsf_3/tsl_paper/Zoo5.tlsf,10000,600,0.1518,0.5789,0.0
/workspaces/Automata_SSM_Learning/TestSet/benchmarks/tlsf_3/tsl_paper/Zoo5.tlsf,10000,700,0.1407,0.5818,0.0
/workspaces/Automata_SSM_Learning/TestSet/benchmarks/tlsf_3/tsl_paper/Zoo5.tlsf,10000,800,0.135,0.5924,0.0
/workspaces/Automata_SSM_Learning/TestSet/benchmarks/tlsf_3/tsl_paper/Zoo5.tlsf,10000,900,0.1316,0.5958,0.0
/workspaces/Automata_SSM_Learning/TestSet/benchmarks/tlsf_3/tsl_paper/SensorSubmodulChooser.tlsf,10000,0,0.7044,0.0,0.0
/workspaces/Automata_SSM_Learning/TestSet/benchmarks/tlsf_3/tsl_paper/SensorSubmodulChooser.tlsf,10000,100,0.403,0.2024,0.0
/workspaces/Automata_SSM_Learning/TestSet/benchmarks/tlsf_3/tsl_paper/SensorSubmodulChooser.tlsf,10000,200,0.2931,0.2092,0.0
/workspaces/Automata_SSM_Learning/TestSet/benchmarks/tlsf_3/tsl_paper/SensorSubmodulChooser.tlsf,10000,300,0.1296,0.8653,0.055
/workspaces/Automata_SSM_Learning/TestSet/benchmarks/tlsf_3/tsl_paper/SensorSubmodulChooser.tlsf,10000,400,0.0814,0.897,0.122
/workspaces/Automata_SSM_Learning/TestSet/benchmarks/tlsf_3/tsl_paper/SensorSubmodulChooser.tlsf,10000,500,0.0633,0.9365,0.292
/workspaces/Automata_SSM_Learning/TestSet/benchmarks/tlsf_3/tsl_paper/SensorSubmodulChooser.tlsf,10000,600,0.0551,0.9425,0.332
/workspaces/Automata_SSM_Learning/TestSet/benchmarks/tlsf_3/tsl_paper/SensorSubmodulChooser.tlsf,10000,700,0.0507,0.9437,0.34
/workspaces/Automata_SSM_Learning/TestSet/benchmarks/tlsf_3/tsl_paper/SensorSubmodulChooser.tlsf,10000,800,0.0481,0.9446,0.347
/workspaces/Automata_SSM_Learning/TestSet/benchmarks/tlsf_3/tsl_paper/SensorSubmodulChooser.tlsf,10000,900,0.0465,0.9453,0.35
/workspaces/Automata_SSM_Learning/TestSet/benchmarks/tlsf_2/sweap/batch-arbiter-real.tlsf,10000,0,0.7326,0.0,0.0
/workspaces/Automata_SSM_Learning/TestSet/benchmarks/tlsf_2/sweap/batch-arbiter-real.tlsf,10000,100,0.2638,0.7791,0.005
/workspaces/Automata_SSM_Learning/TestSet/benchmarks/tlsf_2/sweap/batch-arbiter-real.tlsf,10000,200,0.2441,0.7791,0.005
/workspaces/Automata_SSM_Learning/TestSet/benchmarks/tlsf_2/sweap/batch-arbiter-real.tlsf,10000,300,0.1346,0.8418,0.05
/workspaces/Automata_SSM_Learning/TestSet/benchmarks/tlsf_2/sweap/batch-arbiter-real.tlsf,10000,400,0.0787,0.918,0.186
/workspaces/Automata_SSM_Learning/TestSet/benchmarks/tlsf_2/sweap/batch-arbiter-real.tlsf,10000,500,0.0656,0.9171,0.18
/workspaces/Automata_SSM_Learning/TestSet/benchmarks/tlsf_2/sweap/batch-arbiter-real.tlsf,10000,600,0.0596,0.9175,0.182
/workspaces/Automata_SSM_Learning/TestSet/benchmarks/tlsf_2/sweap/batch-arbiter-real.tlsf,10000,700,0.0559,0.9188,0.185
/workspaces/Automata_SSM_Learning/TestSet/benchmarks/tlsf_2/sweap/batch-arbiter-real.tlsf,10000,800,0.0531,0.9192,0.191
/workspaces/Automata_SSM_Learning/TestSet/benchmarks/tlsf_2/sweap/batch-arbiter-real.tlsf,10000,900,0.0501,0.9223,0.204
/workspaces/Automata_SSM_Learning/TestSet/benchmarks/tlsf_3/tsl_paper/Sensor.tlsf,10000,0,0.6852,0.0,0.0
/workspaces/Automata_SSM_Learning/TestSet/benchmarks/tlsf_3/tsl_paper/Sensor.tlsf,10000,100,0.3731,0.0628,0.0
/workspaces/Automata_SSM_Learning/TestSet/benchmarks/tlsf_3/tsl_paper/Sensor.tlsf,10000,200,0.3216,0.3214,0.0
/workspaces/Automata_SSM_Learning/TestSet/benchmarks/tlsf_3/tsl_paper/Sensor.tlsf,10000,300,0.273,0.3614,0.0
/workspaces/Automata_SSM_Learning/TestSet/benchmarks/tlsf_3/tsl_paper/Sensor.tlsf,10000,400,0.2524,0.3778,0.0
/workspaces/Automata_SSM_Learning/TestSet/benchmarks/tlsf_3/tsl_paper/Sensor.tlsf,10000,500,0.2406,0.3778,0.0
/workspaces/Automata_SSM_Learning/TestSet/benchmarks/tlsf_3/tsl_paper/Sensor.tlsf,10000,600,0.2336,0.3778,0.0
/workspaces/Automata_SSM_Learning/TestSet/benchmarks/tlsf_3/tsl_paper/Sensor.tlsf,10000,700,0.2299,0.4096,0.0
/workspaces/Automata_SSM_Learning/TestSet/benchmarks/tlsf_3/tsl_paper/Sensor.tlsf,10000,800,0.2275,0.4249,0.0
/workspaces/Automata_SSM_Learning/TestSet/benchmarks/tlsf_3/tsl_paper/Sensor.tlsf,10000,900,0.2255,0.4278,0.0
/workspaces/Automata_SSM_Learning/TestSet/benchmarks/tlsf_2/sweap/buffer-storage-real.tlsf,10000,0,0.6984,0.6949,0.0
/workspaces/Automata_SSM_Learning/TestSet/benchmarks/tlsf_2/sweap/buffer-storage-real.tlsf,10000,100,0.2887,0.9102,0.129
/workspaces/Automata_SSM_Learning/TestSet/benchmarks/tlsf_2/sweap/buffer-storage-real.tlsf,10000,200,0.1848,0.9347,0.25
/workspaces/Automata_SSM_Learning/TestSet/benchmarks/tlsf_2/sweap/buffer-storage-real.tlsf,10000,300,0.1417,0.9537,0.376
/workspaces/Automata_SSM_Learning/TestSet/benchmarks/tlsf_2/sweap/buffer-storage-real.tlsf,10000,400,0.0913,0.978,0.64
/workspaces/Automata_SSM_Learning/TestSet/benchmarks/tlsf_2/sweap/buffer-storage-real.tlsf,10000,500,0.0544,0.9859,0.755
/workspaces/Automata_SSM_Learning/TestSet/benchmarks/tlsf_2/sweap/buffer-storage-real.tlsf,10000,600,0.0382,0.9888,0.804
/workspaces/Automata_SSM_Learning/TestSet/benchmarks/tlsf_2/sweap/buffer-storage-real.tlsf,10000,700,0.0325,0.991,0.839
/workspaces/Automata_SSM_Learning/TestSet/benchmarks/tlsf_2/sweap/buffer-storage-real.tlsf,10000,800,0.0298,0.9918,0.85
/workspaces/Automata_SSM_Learning/TestSet/benchmarks/tlsf_2/sweap/buffer-storage-real.tlsf,10000,900,0.0282,0.9921,0.854
/workspaces/Automata_SSM_Learning/TestSet/benchmarks/tlsf_4/heim-buechi-real.tlsf,10000,0,0.6228,0.9503,0.342
/workspaces/Automata_SSM_Learning/TestSet/benchmarks/tlsf_4/heim-buechi-real.tlsf,10000,100,0.2008,0.9503,0.342
/workspaces/Automata_SSM_Learning/TestSet/benchmarks/tlsf_4/heim-buechi-real.tlsf,10000,200,0.0616,0.9894,0.819
/workspaces/Automata_SSM_Learning/TestSet/benchmarks/tlsf_4/heim-buechi-real.tlsf,10000,300,0.0204,0.9976,0.952
/workspaces/Automata_SSM_Learning/TestSet/benchmarks/tlsf_4/heim-buechi-real.tlsf,10000,400,0.0108,0.9983,0.966
/workspaces/Automata_SSM_Learning/TestSet/benchmarks/tlsf_4/heim-buechi-real.tlsf,10000,500,0.007,0.9991,0.983
/workspaces/Automata_SSM_Learning/TestSet/benchmarks/tlsf_4/heim-buechi-real.tlsf,10000,600,0.0051,0.9993,0.986
/workspaces/Automata_SSM_Learning/TestSet/benchmarks/tlsf_4/heim-buechi-real.tlsf,10000,700,0.0041,0.9994,0.988
/workspaces/Automata_SSM_Learning/TestSet/benchmarks/tlsf_4/heim-buechi-real.tlsf,10000,800,0.0035,0.9994,0.988
/workspaces/Automata_SSM_Learning/TestSet/benchmarks/tlsf_4/heim-buechi-real.tlsf,10000,900,0.0031,0.9994,0.989
/workspaces/Automata_SSM_Learning/TestSet/benchmarks/tlsf/parametric/arbiter_with_cancel.tlsf,10000,0,0.6576,0.836,0.017
/workspaces/Automata_SSM_Learning/TestSet/benchmarks/tlsf/parametric/arbiter_with_cancel.tlsf,10000,100,0.3706,0.836,0.017
/workspaces/Automata_SSM_Learning/TestSet/benchmarks/tlsf/parametric/arbiter_with_cancel.tlsf,10000,200,0.0461,1.0,1.0
/workspaces/Automata_SSM_Learning/TestSet/benchmarks/tlsf/lift/parametric/lift_unary_enc.tlsf,10000,0,0.6723,0.1772,0.0
/workspaces/Automata_SSM_Learning/TestSet/benchmarks/tlsf/lift/parametric/lift_unary_enc.tlsf,10000,100,0.492,0.2306,0.0
/workspaces/Automata_SSM_Learning/TestSet/benchmarks/tlsf/lift/parametric/lift_unary_enc.tlsf,10000,200,0.4435,0.331,0.0
/workspaces/Automata_SSM_Learning/TestSet/benchmarks/tlsf/lift/parametric/lift_unary_enc.tlsf,10000,300,0.4073,0.4252,0.0
/workspaces/Automata_SSM_Learning/TestSet/benchmarks/tlsf/lift/parametric/lift_unary_enc.tlsf,10000,400,0.3431,0.5386,0.001
/workspaces/Automata_SSM_Learning/TestSet/benchmarks/tlsf/lift/parametric/lift_unary_enc.tlsf,10000,500,0.3013,0.5861,0.002
/workspaces/Automata_SSM_Learning/TestSet/benchmarks/tlsf/lift/parametric/lift_unary_enc.tlsf,10000,600,0.267,0.6251,0.003
/workspaces/Automata_SSM_Learning/TestSet/benchmarks/tlsf/lift/parametric/lift_unary_enc.tlsf,10000,700,0.2301,0.6817,0.007
/workspaces/Automata_SSM_Learning/TestSet/benchmarks/tlsf/lift/parametric/lift_unary_enc.tlsf,10000,800,0.1958,0.7371,0.009
/workspaces/Automata_SSM_Learning/TestSet/benchmarks/tlsf/lift/parametric/lift_unary_enc.tlsf,10000,900,0.1637,0.7785,0.011
/workspaces/Automata_SSM_Learning/TestSet/benchmarks/tlsf/lily/lilydemo16.tlsf,10000,0,0.68,0.0971,0.0
/workspaces/Automata_SSM_Learning/TestSet/benchmarks/tlsf/lily/lilydemo16.tlsf,10000,100,0.5688,0.2004,0.0
/workspaces/Automata_SSM_Learning/TestSet/benchmarks/tlsf/lily/lilydemo16.tlsf,10000,200,0.4695,0.4813,0.0
/workspaces/Automata_SSM_Learning/TestSet/benchmarks/tlsf/lily/lilydemo16.tlsf,10000,300,0.4001,0.5901,0.001
/workspaces/Automata_SSM_Learning/TestSet/benchmarks/tlsf/lily/lilydemo16.tlsf,10000,400,0.2952,0.7353,0.02
/workspaces/Automata_SSM_Learning/TestSet/benchmarks/tlsf/lily/lilydemo16.tlsf,10000,500,0.1901,0.8464,0.182
/workspaces/Automata_SSM_Learning/TestSet/benchmarks/tlsf/lily/lilydemo16.tlsf,10000,600,0.1325,0.8982,0.335
/workspaces/Automata_SSM_Learning/TestSet/benchmarks/tlsf/lily/lilydemo16.tlsf,10000,700,0.0999,0.9262,0.455
/workspaces/Automata_SSM_Learning/TestSet/benchmarks/tlsf/lily/lilydemo16.tlsf,10000,800,0.0801,0.9422,0.53
/workspaces/Automata_SSM_Learning/TestSet/benchmarks/tlsf/lily/lilydemo16.tlsf,10000,900,0.0657,0.9558,0.602
/workspaces/Automata_SSM_Learning/TestSet/benchmarks/tlsf/lily/lilydemo12.tlsf,10000,0,0.6551,1.0,1.0
/workspaces/Automata_SSM_Learning/TestSet/benchmarks/tlsf_3/tsl_paper/TorcsAccelerating.tlsf,10000,0,0.6702,0.0,0.0
/workspaces/Automata_SSM_Learning/TestSet/benchmarks/tlsf_3/tsl_paper/TorcsAccelerating.tlsf,10000,100,0.1703,1.0,1.0
/workspaces/Automata_SSM_Learning/TestSet/benchmarks/tlsf/ltl2dba/non_parametric_from_acacia/ltl2dba16.tlsf,10000,0,0.6875,0.5602,0.0
/workspaces/Automata_SSM_Learning/TestSet/benchmarks/tlsf/ltl2dba/non_parametric_from_acacia/ltl2dba16.tlsf,10000,100,0.503,0.6841,0.001
/workspaces/Automata_SSM_Learning/TestSet/benchmarks/tlsf/ltl2dba/non_parametric_from_acacia/ltl2dba16.tlsf,10000,200,0.4209,0.8524,0.043
/workspaces/Automata_SSM_Learning/TestSet/benchmarks/tlsf/ltl2dba/non_parametric_from_acacia/ltl2dba16.tlsf,10000,300,0.2107,0.9238,0.275
/workspaces/Automata_SSM_Learning/TestSet/benchmarks/tlsf/ltl2dba/non_parametric_from_acacia/ltl2dba16.tlsf,10000,400,0.1597,0.9325,0.313
/workspaces/Automata_SSM_Learning/TestSet/benchmarks/tlsf/ltl2dba/non_parametric_from_acacia/ltl2dba16.tlsf,10000,500,0.1485,0.9325,0.315
/workspaces/Automata_SSM_Learning/TestSet/benchmarks/tlsf/ltl2dba/non_parametric_from_acacia/ltl2dba16.tlsf,10000,600,0.1442,0.9326,0.315
/workspaces/Automata_SSM_Learning/TestSet/benchmarks/tlsf/ltl2dba/non_parametric_from_acacia/ltl2dba16.tlsf,10000,700,0.1424,0.9326,0.315
/workspaces/Automata_SSM_Learning/TestSet/benchmarks/tlsf/ltl2dba/non_parametric_from_acacia/ltl2dba16.tlsf,10000,800,0.1414,0.9326,0.315
/workspaces/Automata_SSM_Learning/TestSet/benchmarks/tlsf/ltl2dba/non_parametric_from_acacia/ltl2dba16.tlsf,10000,900,0.1407,0.9326,0.315
/workspaces/Automata_SSM_Learning/TestSet/benchmarks/tlsf/lily/lilydemo03.tlsf,10000,0,0.6944,0.5,0.0
/workspaces/Automata_SSM_Learning/TestSet/benchmarks/tlsf/lily/lilydemo03.tlsf,10000,100,0.0106,1.0,1.0
/workspaces/Automata_SSM_Learning/TestSet/benchmarks/tlsf_3/tsl_paper/MusicAppFeedback.tlsf,10000,0,0.7014,0.017,0.0
/workspaces/Automata_SSM_Learning/TestSet/benchmarks/tlsf_3/tsl_paper/MusicAppFeedback.tlsf,10000,100,0.4051,0.3291,0.0
/workspaces/Automata_SSM_Learning/TestSet/benchmarks/tlsf_3/tsl_paper/MusicAppFeedback.tlsf,10000,200,0.3819,0.5144,0.0
/workspaces/Automata_SSM_Learning/TestSet/benchmarks/tlsf_3/tsl_paper/MusicAppFeedback.tlsf,10000,300,0.3568,0.5152,0.0
/workspaces/Automata_SSM_Learning/TestSet/benchmarks/tlsf_3/tsl_paper/MusicAppFeedback.tlsf,10000,400,0.3361,0.5716,0.0
/workspaces/Automata_SSM_Learning/TestSet/benchmarks/tlsf_3/tsl_paper/MusicAppFeedback.tlsf,10000,500,0.32,0.5871,0.0
/workspaces/Automata_SSM_Learning/TestSet/benchmarks/tlsf_3/tsl_paper/MusicAppFeedback.tlsf,10000,600,0.3101,0.6088,0.0
/workspaces/Automata_SSM_Learning/TestSet/benchmarks/tlsf_3/tsl_paper/MusicAppFeedback.tlsf,10000,700,0.3037,0.6232,0.0
/workspaces/Automata_SSM_Learning/TestSet/benchmarks/tlsf_3/tsl_paper/MusicAppFeedback.tlsf,10000,800,0.2966,0.6341,0.0
/workspaces/Automata_SSM_Learning/TestSet/benchmarks/tlsf_3/tsl_paper/MusicAppFeedback.tlsf,10000,900,0.2901,0.6391,0.0
/workspaces/Automata_SSM_Learning/TestSet/benchmarks/tlsf/ltl2dpa/ltl2dpa08.tlsf,10000,0,0.699,0.0,0.0
/workspaces/Automata_SSM_Learning/TestSet/benchmarks/tlsf/ltl2dpa/ltl2dpa08.tlsf,10000,100,0.1803,0.8956,0.0
/workspaces/Automata_SSM_Learning/TestSet/benchmarks/tlsf/ltl2dpa/ltl2dpa08.tlsf,10000,200,0.0927,0.901,0.0
/workspaces/Automata_SSM_Learning/TestSet/benchmarks/tlsf/ltl2dpa/ltl2dpa08.tlsf,10000,300,0.0698,0.9495,0.502
/workspaces/Automata_SSM_Learning/TestSet/benchmarks/tlsf/ltl2dpa/ltl2dpa08.tlsf,10000,400,0.0575,0.9506,0.502
/workspaces/Automata_SSM_Learning/TestSet/benchmarks/tlsf/ltl2dpa/ltl2dpa08.tlsf,10000,500,0.0421,0.9645,0.583
/workspaces/Automata_SSM_Learning/TestSet/benchmarks/tlsf/ltl2dpa/ltl2dpa08.tlsf,10000,600,0.0273,0.999,0.983
/workspaces/Automata_SSM_Learning/TestSet/benchmarks/tlsf/ltl2dpa/ltl2dpa08.tlsf,10000,700,0.0169,0.9996,0.992
/workspaces/Automata_SSM_Learning/TestSet/benchmarks/tlsf/ltl2dpa/ltl2dpa08.tlsf,10000,800,0.0104,1.0,1.0
/workspaces/Automata_SSM_Learning/TestSet/benchmarks/tlsf/ltl2dpa/ltl2dpa02.tlsf,10000,0,0.6815,0.4978,0.0
/workspaces/Automata_SSM_Learning/TestSet/benchmarks/tlsf/ltl2dpa/ltl2dpa02.tlsf,10000,100,0.2243,0.929,0.336
/workspaces/Automata_SSM_Learning/TestSet/benchmarks/tlsf/ltl2dpa/ltl2dpa02.tlsf,10000,200,0.0666,0.9909,0.895
/workspaces/Automata_SSM_Learning/TestSet/benchmarks/tlsf/ltl2dpa/ltl2dpa02.tlsf,10000,300,0.0207,0.9999,0.998
/workspaces/Automata_SSM_Learning/TestSet/benchmarks/tlsf/ltl2dpa/ltl2dpa02.tlsf,10000,400,0.0095,1.0,1.0
/workspaces/Automata_SSM_Learning/TestSet/benchmarks/tlsf/ltl2dba/non_parametric_from_acacia/ltl2dba05.tlsf,10000,0,0.6817,0.7306,0.68
/workspaces/Automata_SSM_Learning/TestSet/benchmarks/tlsf/ltl2dba/non_parametric_from_acacia/ltl2dba05.tlsf,10000,100,0.581,0.7306,0.68
/workspaces/Automata_SSM_Learning/TestSet/benchmarks/tlsf/ltl2dba/non_parametric_from_acacia/ltl2dba05.tlsf,10000,200,0.5368,0.7306,0.68
/workspaces/Automata_SSM_Learning/TestSet/benchmarks/tlsf/ltl2dba/non_parametric_from_acacia/ltl2dba05.tlsf,10000,300,0.456,0.7242,0.354
/workspaces/Automata_SSM_Learning/TestSet/benchmarks/tlsf/ltl2dba/non_parametric_from_acacia/ltl2dba05.tlsf,10000,400,0.4791,0.7308,0.425
/workspaces/Automata_SSM_Learning/TestSet/benchmarks/tlsf/ltl2dba/non_parametric_from_acacia/ltl2dba05.tlsf,10000,500,0.4157,0.7714,0.498
/workspaces/Automata_SSM_Learning/TestSet/benchmarks/tlsf/ltl2dba/non_parametric_from_acacia/ltl2dba05.tlsf,10000,600,0.5532,0.7306,0.68
/workspaces/Automata_SSM_Learning/TestSet/benchmarks/tlsf/ltl2dba/non_parametric_from_acacia/ltl2dba05.tlsf,10000,700,0.479,0.7306,0.68
/workspaces/Automata_SSM_Learning/TestSet/benchmarks/tlsf/ltl2dba/non_parametric_from_acacia/ltl2dba05.tlsf,10000,800,0.4507,0.7311,0.679
/workspaces/Automata_SSM_Learning/TestSet/benchmarks/tlsf/ltl2dba/non_parametric_from_acacia/ltl2dba05.tlsf,10000,900,0.5744,0.7795,0.636
/workspaces/Automata_SSM_Learning/TestSet/benchmarks/tlsf/arbiters_s4/parametric/example8.tlsf,10000,0,0.6952,0.0,0.0
/workspaces/Automata_SSM_Learning/TestSet/benchmarks/tlsf/arbiters_s4/parametric/example8.tlsf,10000,100,0.1423,0.996,0.934
/workspaces/Automata_SSM_Learning/TestSet/benchmarks/tlsf/arbiters_s4/parametric/example8.tlsf,10000,200,0.0284,1.0,1.0
/workspaces/Automata_SSM_Learning/TestSet/benchmarks/tlsf/load_balancer/parametric/load_balancer.tlsf,10000,0,0.6795,0.0413,0.0
/workspaces/Automata_SSM_Learning/TestSet/benchmarks/tlsf/load_balancer/parametric/load_balancer.tlsf,10000,100,0.1622,0.905,0.0
/workspaces/Automata_SSM_Learning/TestSet/benchmarks/tlsf/load_balancer/parametric/load_balancer.tlsf,10000,200,0.1493,0.9208,0.0
/workspaces/Automata_SSM_Learning/TestSet/benchmarks/tlsf/load_balancer/parametric/load_balancer.tlsf,10000,300,0.1332,0.905,0.0
/workspaces/Automata_SSM_Learning/TestSet/benchmarks/tlsf/load_balancer/parametric/load_balancer.tlsf,10000,400,0.1026,0.9171,0.211
/workspaces/Automata_SSM_Learning/TestSet/benchmarks/tlsf/load_balancer/parametric/load_balancer.tlsf,10000,500,0.0672,0.9726,0.625
/workspaces/Automata_SSM_Learning/TestSet/benchmarks/tlsf/load_balancer/parametric/load_balancer.tlsf,10000,600,0.0464,0.9776,0.716
/workspaces/Automata_SSM_Learning/TestSet/benchmarks/tlsf/load_balancer/parametric/load_balancer.tlsf,10000,700,0.0358,0.9776,0.716
/workspaces/Automata_SSM_Learning/TestSet/benchmarks/tlsf/load_balancer/parametric/load_balancer.tlsf,10000,800,0.0293,0.9792,0.713
/workspaces/Automata_SSM_Learning/TestSet/benchmarks/tlsf/load_balancer/parametric/load_balancer.tlsf,10000,900,0.0249,0.9829,0.742
/workspaces/Automata_SSM_Learning/TestSet/benchmarks/tlsf/lily/lilydemo07.tlsf,10000,0,0.6509,0.7804,0.002
/workspaces/Automata_SSM_Learning/TestSet/benchmarks/tlsf/lily/lilydemo07.tlsf,10000,100,0.3549,0.8459,0.039
/workspaces/Automata_SSM_Learning/TestSet/benchmarks/tlsf/lily/lilydemo07.tlsf,10000,200,0.2121,0.9282,0.275
/workspaces/Automata_SSM_Learning/TestSet/benchmarks/tlsf/lily/lilydemo07.tlsf,10000,300,0.142,0.9505,0.432
/workspaces/Automata_SSM_Learning/TestSet/benchmarks/tlsf/lily/lilydemo07.tlsf,10000,400,0.037,0.9983,0.972
/workspaces/Automata_SSM_Learning/TestSet/benchmarks/tlsf/lily/lilydemo07.tlsf,10000,500,0.0115,1.0,1.0
/workspaces/Automata_SSM_Learning/TestSet/benchmarks/tlsf/ltl2dpa/ltl2dpa07.tlsf,10000,0,0.6877,0.4983,0.0
/workspaces/Automata_SSM_Learning/TestSet/benchmarks/tlsf/ltl2dpa/ltl2dpa07.tlsf,10000,100,0.2074,0.9669,0.645
/workspaces/Automata_SSM_Learning/TestSet/benchmarks/tlsf/ltl2dpa/ltl2dpa07.tlsf,10000,200,0.0668,0.9669,0.645
/workspaces/Automata_SSM_Learning/TestSet/benchmarks/tlsf/ltl2dpa/ltl2dpa07.tlsf,10000,300,0.0298,0.9972,0.96
/workspaces/Automata_SSM_Learning/TestSet/benchmarks/tlsf/ltl2dpa/ltl2dpa07.tlsf,10000,400,0.014,0.9999,0.998
/workspaces/Automata_SSM_Learning/TestSet/benchmarks/tlsf/ltl2dpa/ltl2dpa07.tlsf,10000,500,0.0078,1.0,1.0
/workspaces/Automata_SSM_Learning/TestSet/benchmarks/tlsf/arbiters_s4/parametric/example7a.tlsf,10000,0,0.6943,0.4244,0.0
/workspaces/Automata_SSM_Learning/TestSet/benchmarks/tlsf/arbiters_s4/parametric/example7a.tlsf,10000,100,0.3157,0.8722,0.105
/workspaces/Automata_SSM_Learning/TestSet/benchmarks/tlsf/arbiters_s4/parametric/example7a.tlsf,10000,200,0.1001,0.9657,0.56
/workspaces/Automata_SSM_Learning/TestSet/benchmarks/tlsf/arbiters_s4/parametric/example7a.tlsf,10000,300,0.0297,0.9937,0.876
/workspaces/Automata_SSM_Learning/TestSet/benchmarks/tlsf/arbiters_s4/parametric/example7a.tlsf,10000,400,0.0143,0.9999,0.998
/workspaces/Automata_SSM_Learning/TestSet/benchmarks/tlsf/arbiters_s4/parametric/example7a.tlsf,10000,500,0.0087,1.0,1.0
/workspaces/Automata_SSM_Learning/TestSet/benchmarks/tlsf/ltl2dba/non_parametric_from_acacia/ltl2dba07.tlsf,10000,0,0.7328,0.2127,0.0
/workspaces/Automata_SSM_Learning/TestSet/benchmarks/tlsf/ltl2dba/non_parametric_from_acacia/ltl2dba07.tlsf,10000,100,0.5316,0.7873,0.592
/workspaces/Automata_SSM_Learning/TestSet/benchmarks/tlsf/ltl2dba/non_parametric_from_acacia/ltl2dba07.tlsf,10000,200,0.4441,0.7802,0.399
/workspaces/Automata_SSM_Learning/TestSet/benchmarks/tlsf/ltl2dba/non_parametric_from_acacia/ltl2dba07.tlsf,10000,300,0.4004,0.785,0.39
/workspaces/Automata_SSM_Learning/TestSet/benchmarks/tlsf/ltl2dba/non_parametric_from_acacia/ltl2dba07.tlsf,10000,400,0.2955,0.8488,0.363
/workspaces/Automata_SSM_Learning/TestSet/benchmarks/tlsf/ltl2dba/non_parametric_from_acacia/ltl2dba07.tlsf,10000,500,0.283,0.8571,0.39
/workspaces/Automata_SSM_Learning/TestSet/benchmarks/tlsf/ltl2dba/non_parametric_from_acacia/ltl2dba07.tlsf,10000,600,0.2906,0.8632,0.406
/workspaces/Automata_SSM_Learning/TestSet/benchmarks/tlsf/ltl2dba/non_parametric_from_acacia/ltl2dba07.tlsf,10000,700,0.271,0.8688,0.433
/workspaces/Automata_SSM_Learning/TestSet/benchmarks/tlsf/ltl2dba/non_parametric_from_acacia/ltl2dba07.tlsf,10000,800,0.2628,0.869,0.434
/workspaces/Automata_SSM_Learning/TestSet/benchmarks/tlsf/ltl2dba/non_parametric_from_acacia/ltl2dba07.tlsf,10000,900,0.2533,0.883,0.482
/workspaces/Automata_SSM_Learning/TestSet/benchmarks/tlsf_3/tsl_paper/Gamelogic.tlsf,10000,0,0.6934,0.0,0.0
/workspaces/Automata_SSM_Learning/TestSet/benchmarks/tlsf_3/tsl_paper/Gamelogic.tlsf,10000,100,0.3834,0.0,0.0
/workspaces/Automata_SSM_Learning/TestSet/benchmarks/tlsf_3/tsl_paper/Gamelogic.tlsf,10000,200,0.3406,0.0062,0.0
/workspaces/Automata_SSM_Learning/TestSet/benchmarks/tlsf_3/tsl_paper/Gamelogic.tlsf,10000,300,0.2307,0.5376,0.0
/workspaces/Automata_SSM_Learning/TestSet/benchmarks/tlsf_3/tsl_paper/Gamelogic.tlsf,10000,400,0.1643,0.5684,0.0
/workspaces/Automata_SSM_Learning/TestSet/benchmarks/tlsf_3/tsl_paper/Gamelogic.tlsf,10000,500,0.1258,0.6752,0.001
/workspaces/Automata_SSM_Learning/TestSet/benchmarks/tlsf_3/tsl_paper/Gamelogic.tlsf,10000,600,0.1081,0.6781,0.001
/workspaces/Automata_SSM_Learning/TestSet/benchmarks/tlsf_3/tsl_paper/Gamelogic.tlsf,10000,700,0.0973,0.7284,0.001
/workspaces/Automata_SSM_Learning/TestSet/benchmarks/tlsf_3/tsl_paper/Gamelogic.tlsf,10000,800,0.0897,0.7663,0.004
/workspaces/Automata_SSM_Learning/TestSet/benchmarks/tlsf_3/tsl_paper/Gamelogic.tlsf,10000,900,0.0842,0.7706,0.004
/workspaces/Automata_SSM_Learning/TestSet/benchmarks/tlsf/gui_glue_code_synthesis/01.tlsf,10000,0,0.6795,0.1152,0.0
/workspaces/Automata_SSM_Learning/TestSet/benchmarks/tlsf/gui_glue_code_synthesis/01.tlsf,10000,100,0.3563,0.6099,0.001
/workspaces/Automata_SSM_Learning/TestSet/benchmarks/tlsf/gui_glue_code_synthesis/01.tlsf,10000,200,0.22,0.8405,0.057
/workspaces/Automata_SSM_Learning/TestSet/benchmarks/tlsf/gui_glue_code_synthesis/01.tlsf,10000,300,0.1968,0.8557,0.087
/workspaces/Automata_SSM_Learning/TestSet/benchmarks/tlsf/gui_glue_code_synthesis/01.tlsf,10000,400,0.1737,0.8529,0.088
/workspaces/Automata_SSM_Learning/TestSet/benchmarks/tlsf/gui_glue_code_synthesis/01.tlsf,10000,500,0.1539,0.857,0.098
/workspaces/Automata_SSM_Learning/TestSet/benchmarks/tlsf/gui_glue_code_synthesis/01.tlsf,10000,600,0.1397,0.8799,0.158
/workspaces/Automata_SSM_Learning/TestSet/benchmarks/tlsf/gui_glue_code_synthesis/01.tlsf,10000,700,0.1225,0.8933,0.23
/workspaces/Automata_SSM_Learning/TestSet/benchmarks/tlsf/gui_glue_code_synthesis/01.tlsf,10000,800,0.1041,0.9094,0.267
/workspaces/Automata_SSM_Learning/TestSet/benchmarks/tlsf/gui_glue_code_synthesis/01.tlsf,10000,900,0.0849,0.9198,0.269
/workspaces/Automata_SSM_Learning/TestSet/benchmarks/tlsf/ltl2dpa/ltl2dpa22.tlsf,10000,0,0.6698,0.0,0.0
/workspaces/Automata_SSM_Learning/TestSet/benchmarks/tlsf/ltl2dpa/ltl2dpa22.tlsf,10000,100,0.5814,0.099,0.0
/workspaces/Automata_SSM_Learning/TestSet/benchmarks/tlsf/ltl2dpa/ltl2dpa22.tlsf,10000,200,0.5383,0.3376,0.0
/workspaces/Automata_SSM_Learning/TestSet/benchmarks/tlsf/ltl2dpa/ltl2dpa22.tlsf,10000,300,0.5072,0.3953,0.0
/workspaces/Automata_SSM_Learning/TestSet/benchmarks/tlsf/ltl2dpa/ltl2dpa22.tlsf,10000,400,0.4581,0.4991,0.0
/workspaces/Automata_SSM_Learning/TestSet/benchmarks/tlsf/ltl2dpa/ltl2dpa22.tlsf,10000,500,0.4106,0.5927,0.001
/workspaces/Automata_SSM_Learning/TestSet/benchmarks/tlsf/ltl2dpa/ltl2dpa22.tlsf,10000,600,0.378,0.6457,0.005
/workspaces/Automata_SSM_Learning/TestSet/benchmarks/tlsf/ltl2dpa/ltl2dpa22.tlsf,10000,700,0.3526,0.675,0.009
/workspaces/Automata_SSM_Learning/TestSet/benchmarks/tlsf/ltl2dpa/ltl2dpa22.tlsf,10000,800,0.3323,0.6993,0.014
/workspaces/Automata_SSM_Learning/TestSet/benchmarks/tlsf/ltl2dpa/ltl2dpa22.tlsf,10000,900,0.3167,0.7144,0.025
/workspaces/Automata_SSM_Learning/TestSet/benchmarks/tlsf_4/chain-simple-20-real.tlsf,10000,0,0.7105,0.1592,0.0
/workspaces/Automata_SSM_Learning/TestSet/benchmarks/tlsf_4/chain-simple-20-real.tlsf,10000,100,0.2612,0.799,0.009
/workspaces/Automata_SSM_Learning/TestSet/benchmarks/tlsf_4/chain-simple-20-real.tlsf,10000,200,0.1853,0.7998,0.009
/workspaces/Automata_SSM_Learning/TestSet/benchmarks/tlsf_4/chain-simple-20-real.tlsf,10000,300,0.1139,0.9094,0.119
/workspaces/Automata_SSM_Learning/TestSet/benchmarks/tlsf_4/chain-simple-20-real.tlsf,10000,400,0.0795,0.9519,0.406
/workspaces/Automata_SSM_Learning/TestSet/benchmarks/tlsf_4/chain-simple-20-real.tlsf,10000,500,0.0373,0.9911,0.844
/workspaces/Automata_SSM_Learning/TestSet/benchmarks/tlsf_4/chain-simple-20-real.tlsf,10000,600,0.021,0.9944,0.906
/workspaces/Automata_SSM_Learning/TestSet/benchmarks/tlsf_4/chain-simple-20-real.tlsf,10000,700,0.0151,0.9953,0.919
/workspaces/Automata_SSM_Learning/TestSet/benchmarks/tlsf_4/chain-simple-20-real.tlsf,10000,800,0.0123,0.9957,0.925
/workspaces/Automata_SSM_Learning/TestSet/benchmarks/tlsf_4/chain-simple-20-real.tlsf,10000,900,0.0106,0.996,0.93
/workspaces/Automata_SSM_Learning/TestSet/benchmarks/tlsf/lily/lilydemo14.tlsf,10000,0,0.6935,0.5,0.0
/workspaces/Automata_SSM_Learning/TestSet/benchmarks/tlsf/lily/lilydemo14.tlsf,10000,100,0.0194,1.0,1.0
/workspaces/Automata_SSM_Learning/TestSet/benchmarks/tlsf/ltl_f/generated_TLSF/workstation_resupply_pb_4_pe_.tlsf,10000,0,0.6738,0.0,0.0
/workspaces/Automata_SSM_Learning/TestSet/benchmarks/tlsf/ltl_f/generated_TLSF/workstation_resupply_pb_4_pe_.tlsf,10000,100,0.2789,0.0,0.0
/workspaces/Automata_SSM_Learning/TestSet/benchmarks/tlsf/ltl_f/generated_TLSF/workstation_resupply_pb_4_pe_.tlsf,10000,200,0.274,0.0,0.0
/workspaces/Automata_SSM_Learning/TestSet/benchmarks/tlsf/ltl_f/generated_TLSF/workstation_resupply_pb_4_pe_.tlsf,10000,300,0.2704,0.0,0.0
/workspaces/Automata_SSM_Learning/TestSet/benchmarks/tlsf/ltl_f/generated_TLSF/workstation_resupply_pb_4_pe_.tlsf,10000,400,0.262,0.2753,0.0
/workspaces/Automata_SSM_Learning/TestSet/benchmarks/tlsf/ltl_f/generated_TLSF/workstation_resupply_pb_4_pe_.tlsf,10000,500,0.2293,0.3577,0.0
/workspaces/Automata_SSM_Learning/TestSet/benchmarks/tlsf/ltl_f/generated_TLSF/workstation_resupply_pb_4_pe_.tlsf,10000,600,0.2182,0.4032,0.0
/workspaces/Automata_SSM_Learning/TestSet/benchmarks/tlsf/ltl_f/generated_TLSF/workstation_resupply_pb_4_pe_.tlsf,10000,700,0.2121,0.431,0.0
/workspaces/Automata_SSM_Learning/TestSet/benchmarks/tlsf/ltl_f/generated_TLSF/workstation_resupply_pb_4_pe_.tlsf,10000,800,0.2056,0.4471,0.0
/workspaces/Automata_SSM_Learning/TestSet/benchmarks/tlsf/ltl_f/generated_TLSF/workstation_resupply_pb_4_pe_.tlsf,10000,900,0.1959,0.4546,0.0
/workspaces/Automata_SSM_Learning/TestSet/benchmarks/tlsf_4/f-real-real.tlsf,10000,0,0.6932,0.3053,0.0
/workspaces/Automata_SSM_Learning/TestSet/benchmarks/tlsf_4/f-real-real.tlsf,10000,100,0.3602,0.6837,0.0
/workspaces/Automata_SSM_Learning/TestSet/benchmarks/tlsf_4/f-real-real.tlsf,10000,200,0.2624,0.7426,0.003
/workspaces/Automata_SSM_Learning/TestSet/benchmarks/tlsf_4/f-real-real.tlsf,10000,300,0.2207,0.7699,0.01
/workspaces/Automata_SSM_Learning/TestSet/benchmarks/tlsf_4/f-real-real.tlsf,10000,400,0.1846,0.8058,0.037
/workspaces/Automata_SSM_Learning/TestSet/benchmarks/tlsf_4/f-real-real.tlsf,10000,500,0.1602,0.8336,0.081
/workspaces/Automata_SSM_Learning/TestSet/benchmarks/tlsf_4/f-real-real.tlsf,10000,600,0.1486,0.8402,0.092
/workspaces/Automata_SSM_Learning/TestSet/benchmarks/tlsf_4/f-real-real.tlsf,10000,700,0.1419,0.8427,0.1
/workspaces/Automata_SSM_Learning/TestSet/benchmarks/tlsf_4/f-real-real.tlsf,10000,800,0.1373,0.8458,0.107
/workspaces/Automata_SSM_Learning/TestSet/benchmarks/tlsf_4/f-real-real.tlsf,10000,900,0.1334,0.8478,0.112
/workspaces/Automata_SSM_Learning/TestSet/benchmarks/tlsf/ltl2dba/parametric/ltl2dba_U1.tlsf,10000,0,0.6898,0.5241,0.486
/workspaces/Automata_SSM_Learning/TestSet/benchmarks/tlsf/ltl2dba/parametric/ltl2dba_U1.tlsf,10000,100,0.0562,0.9978,0.993
/workspaces/Automata_SSM_Learning/TestSet/benchmarks/tlsf/ltl2dba/parametric/ltl2dba_U1.tlsf,10000,200,0.1355,0.9763,0.87
/workspaces/Automata_SSM_Learning/TestSet/benchmarks/tlsf/ltl2dba/parametric/ltl2dba_U1.tlsf,10000,300,0.0409,1.0,1.0
/workspaces/Automata_SSM_Learning/TestSet/benchmarks/tlsf/ltl2dpa/ltl2dpa01.tlsf,10000,0,0.6897,0.2889,0.0
/workspaces/Automata_SSM_Learning/TestSet/benchmarks/tlsf/ltl2dpa/ltl2dpa01.tlsf,10000,100,0.4446,0.629,0.0
/workspaces/Automata_SSM_Learning/TestSet/benchmarks/tlsf/ltl2dpa/ltl2dpa01.tlsf,10000,200,0.0764,0.9889,0.779
/workspaces/Automata_SSM_Learning/TestSet/benchmarks/tlsf/ltl2dpa/ltl2dpa01.tlsf,10000,300,0.0266,1.0,1.0
/workspaces/Automata_SSM_Learning/TestSet/benchmarks/tlsf/gui_glue_code_synthesis/02.tlsf,10000,0,0.7002,0.0,0.0
/workspaces/Automata_SSM_Learning/TestSet/benchmarks/tlsf/gui_glue_code_synthesis/02.tlsf,10000,100,0.3782,0.7539,0.004
/workspaces/Automata_SSM_Learning/TestSet/benchmarks/tlsf/gui_glue_code_synthesis/02.tlsf,10000,200,0.2288,0.799,0.013
/workspaces/Automata_SSM_Learning/TestSet/benchmarks/tlsf/gui_glue_code_synthesis/02.tlsf,10000,300,0.1789,0.836,0.036
/workspaces/Automata_SSM_Learning/TestSet/benchmarks/tlsf/gui_glue_code_synthesis/02.tlsf,10000,400,0.1526,0.8551,0.06
/workspaces/Automata_SSM_Learning/TestSet/benchmarks/tlsf/gui_glue_code_synthesis/02.tlsf,10000,500,0.14,0.8639,0.072
/workspaces/Automata_SSM_Learning/TestSet/benchmarks/tlsf/gui_glue_code_synthesis/02.tlsf,10000,600,0.1317,0.8653,0.072
/workspaces/Automata_SSM_Learning/TestSet/benchmarks/tlsf/gui_glue_code_synthesis/02.tlsf,10000,700,0.125,0.868,0.073
/workspaces/Automata_SSM_Learning/TestSet/benchmarks/tlsf/gui_glue_code_synthesis/02.tlsf,10000,800,0.1206,0.8698,0.075
/workspaces/Automata_SSM_Learning/TestSet/benchmarks/tlsf/gui_glue_code_synthesis/02.tlsf,10000,900,0.1176,0.87,0.076
/workspaces/Automata_SSM_Learning/TestSet/benchmarks/tlsf_4/ordered-visits-real.tlsf,10000,0,0.7107,0.3306,0.0
/workspaces/Automata_SSM_Learning/TestSet/benchmarks/tlsf_4/ordered-visits-real.tlsf,10000,100,0.1835,0.9998,0.995
/workspaces/Automata_SSM_Learning/TestSet/benchmarks/tlsf_4/ordered-visits-real.tlsf,10000,200,0.0178,0.999,0.98
/workspaces/Automata_SSM_Learning/TestSet/benchmarks/tlsf_4/ordered-visits-real.tlsf,10000,300,0.0075,0.9996,0.991
/workspaces/Automata_SSM_Learning/TestSet/benchmarks/tlsf_4/ordered-visits-real.tlsf,10000,400,0.0045,0.9996,0.991
/workspaces/Automata_SSM_Learning/TestSet/benchmarks/tlsf_4/ordered-visits-real.tlsf,10000,500,0.0031,0.9996,0.991
/workspaces/Automata_SSM_Learning/TestSet/benchmarks/tlsf_4/ordered-visits-real.tlsf,10000,600,0.0023,0.9996,0.991
/workspaces/Automata_SSM_Learning/TestSet/benchmarks/tlsf_4/ordered-visits-real.tlsf,10000,700,0.0018,0.9996,0.992
/workspaces/Automata_SSM_Learning/TestSet/benchmarks/tlsf_4/ordered-visits-real.tlsf,10000,800,0.0014,0.9999,0.998
/workspaces/Automata_SSM_Learning/TestSet/benchmarks/tlsf_4/ordered-visits-real.tlsf,10000,900,0.0011,1.0,1.0
/workspaces/Automata_SSM_Learning/TestSet/benchmarks/tlsf/lily/lilydemo08.tlsf,10000,0,0.7206,0.0,0.0
/workspaces/Automata_SSM_Learning/TestSet/benchmarks/tlsf/lily/lilydemo08.tlsf,10000,100,0.0129,1.0,1.0
/workspaces/Automata_SSM_Learning/TestSet/benchmarks/tlsf/ltl2dba/non_parametric_from_acacia/ltl2dba02.tlsf,10000,0,0.6918,0.5739,0.51
/workspaces/Automata_SSM_Learning/TestSet/benchmarks/tlsf/ltl2dba/non_parametric_from_acacia/ltl2dba02.tlsf,10000,100,0.5347,0.759,0.362
/workspaces/Automata_SSM_Learning/TestSet/benchmarks/tlsf/ltl2dba/non_parametric_from_acacia/ltl2dba02.tlsf,10000,200,0.4289,0.8338,0.535
/workspaces/Automata_SSM_Learning/TestSet/benchmarks/tlsf/ltl2dba/non_parametric_from_acacia/ltl2dba02.tlsf,10000,300,0.4056,0.8617,0.504
/workspaces/Automata_SSM_Learning/TestSet/benchmarks/tlsf/ltl2dba/non_parametric_from_acacia/ltl2dba02.tlsf,10000,400,0.3883,0.8617,0.52
/workspaces/Automata_SSM_Learning/TestSet/benchmarks/tlsf/ltl2dba/non_parametric_from_acacia/ltl2dba02.tlsf,10000,500,0.3915,0.8726,0.546
/workspaces/Automata_SSM_Learning/TestSet/benchmarks/tlsf/ltl2dba/non_parametric_from_acacia/ltl2dba02.tlsf,10000,600,0.3794,0.8675,0.533
/workspaces/Automata_SSM_Learning/TestSet/benchmarks/tlsf/ltl2dba/non_parametric_from_acacia/ltl2dba02.tlsf,10000,700,0.4238,0.8303,0.51
/workspaces/Automata_SSM_Learning/TestSet/benchmarks/tlsf/ltl2dba/non_parametric_from_acacia/ltl2dba02.tlsf,10000,800,0.3777,0.8753,0.541
/workspaces/Automata_SSM_Learning/TestSet/benchmarks/tlsf/ltl2dba/non_parametric_from_acacia/ltl2dba02.tlsf,10000,900,0.3696,0.8736,0.548
/workspaces/Automata_SSM_Learning/TestSet/benchmarks/tlsf/parametric/rw_arbiter.tlsf,10000,0,0.6815,0.433,0.0
/workspaces/Automata_SSM_Learning/TestSet/benchmarks/tlsf/parametric/rw_arbiter.tlsf,10000,100,0.4439,0.6683,0.0
/workspaces/Automata_SSM_Learning/TestSet/benchmarks/tlsf/parametric/rw_arbiter.tlsf,10000,200,0.2382,0.864,0.077
/workspaces/Automata_SSM_Learning/TestSet/benchmarks/tlsf/parametric/rw_arbiter.tlsf,10000,300,0.104,0.9635,0.603
/workspaces/Automata_SSM_Learning/TestSet/benchmarks/tlsf/parametric/rw_arbiter.tlsf,10000,400,0.042,0.997,0.962
/workspaces/Automata_SSM_Learning/TestSet/benchmarks/tlsf/parametric/rw_arbiter.tlsf,10000,500,0.0212,0.9996,0.992
/workspaces/Automata_SSM_Learning/TestSet/benchmarks/tlsf/parametric/rw_arbiter.tlsf,10000,600,0.013,1.0,1.0
/workspaces/Automata_SSM_Learning/TestSet/benchmarks/tlsf/lily/lilydemo21.tlsf,10000,0,0.7085,0.0,0.0
/workspaces/Automata_SSM_Learning/TestSet/benchmarks/tlsf/lily/lilydemo21.tlsf,10000,100,0.4454,0.3029,0.0
/workspaces/Automata_SSM_Learning/TestSet/benchmarks/tlsf/lily/lilydemo21.tlsf,10000,200,0.4002,0.3293,0.0
/workspaces/Automata_SSM_Learning/TestSet/benchmarks/tlsf/lily/lilydemo21.tlsf,10000,300,0.3436,0.5272,0.0
/workspaces/Automata_SSM_Learning/TestSet/benchmarks/tlsf/lily/lilydemo21.tlsf,10000,400,0.3159,0.5545,0.002
/workspaces/Automata_SSM_Learning/TestSet/benchmarks/tlsf/lily/lilydemo21.tlsf,10000,500,0.2997,0.5678,0.003
/workspaces/Automata_SSM_Learning/TestSet/benchmarks/tlsf/lily/lilydemo21.tlsf,10000,600,0.2862,0.5768,0.003
/workspaces/Automata_SSM_Learning/TestSet/benchmarks/tlsf/lily/lilydemo21.tlsf,10000,700,0.2724,0.592,0.002
/workspaces/Automata_SSM_Learning/TestSet/benchmarks/tlsf/lily/lilydemo21.tlsf,10000,800,0.26,0.6148,0.002
/workspaces/Automata_SSM_Learning/TestSet/benchmarks/tlsf/lily/lilydemo21.tlsf,10000,900,0.2497,0.6388,0.006
/workspaces/Automata_SSM_Learning/TestSet/benchmarks/tlsf_4/infinite-race-real.tlsf,10000,0,0.7175,0.0329,0.0
/workspaces/Automata_SSM_Learning/TestSet/benchmarks/tlsf_4/infinite-race-real.tlsf,10000,100,0.1429,0.9671,0.607
/workspaces/Automata_SSM_Learning/TestSet/benchmarks/tlsf_4/infinite-race-real.tlsf,10000,200,0.0872,0.9699,0.586
/workspaces/Automata_SSM_Learning/TestSet/benchmarks/tlsf_4/infinite-race-real.tlsf,10000,300,0.0341,0.9907,0.827
/workspaces/Automata_SSM_Learning/TestSet/benchmarks/tlsf_4/infinite-race-real.tlsf,10000,400,0.022,0.9958,0.921
/workspaces/Automata_SSM_Learning/TestSet/benchmarks/tlsf_4/infinite-race-real.tlsf,10000,500,0.0156,0.9971,0.944
/workspaces/Automata_SSM_Learning/TestSet/benchmarks/tlsf_4/infinite-race-real.tlsf,10000,600,0.0116,0.9977,0.955
/workspaces/Automata_SSM_Learning/TestSet/benchmarks/tlsf_4/infinite-race-real.tlsf,10000,700,0.0095,0.998,0.962
/workspaces/Automata_SSM_Learning/TestSet/benchmarks/tlsf_4/infinite-race-real.tlsf,10000,800,0.0082,0.9981,0.963
/workspaces/Automata_SSM_Learning/TestSet/benchmarks/tlsf_4/infinite-race-real.tlsf,10000,900,0.0075,0.9984,0.97
/workspaces/Automata_SSM_Learning/TestSet/benchmarks/tlsf_4/evasion-real.tlsf,10000,0,0.66,0.0,0.0
/workspaces/Automata_SSM_Learning/TestSet/benchmarks/tlsf_4/evasion-real.tlsf,10000,100,0.1889,0.7408,0.0
/workspaces/Automata_SSM_Learning/TestSet/benchmarks/tlsf_4/evasion-real.tlsf,10000,200,0.1459,0.7519,0.0
/workspaces/Automata_SSM_Learning/TestSet/benchmarks/tlsf_4/evasion-real.tlsf,10000,300,0.0761,0.9212,0.164
/workspaces/Automata_SSM_Learning/TestSet/benchmarks/tlsf_4/evasion-real.tlsf,10000,400,0.0401,0.9793,0.659
/workspaces/Automata_SSM_Learning/TestSet/benchmarks/tlsf_4/evasion-real.tlsf,10000,500,0.0269,0.9845,0.733
/workspaces/Automata_SSM_Learning/TestSet/benchmarks/tlsf_4/evasion-real.tlsf,10000,600,0.0203,0.9866,0.769
/workspaces/Automata_SSM_Learning/TestSet/benchmarks/tlsf_4/evasion-real.tlsf,10000,700,0.0164,0.9884,0.791
/workspaces/Automata_SSM_Learning/TestSet/benchmarks/tlsf_4/evasion-real.tlsf,10000,800,0.0138,0.9893,0.805
/workspaces/Automata_SSM_Learning/TestSet/benchmarks/tlsf_4/evasion-real.tlsf,10000,900,0.012,0.9905,0.823
/workspaces/Automata_SSM_Learning/TestSet/benchmarks/tlsf_4/g-real-real.tlsf,10000,0,0.733,0.0006,0.0
/workspaces/Automata_SSM_Learning/TestSet/benchmarks/tlsf_4/g-real-real.tlsf,10000,100,0.0338,0.9935,0.88
/workspaces/Automata_SSM_Learning/TestSet/benchmarks/tlsf_4/g-real-real.tlsf,10000,200,0.0257,0.9935,0.88
/workspaces/Automata_SSM_Learning/TestSet/benchmarks/tlsf_4/g-real-real.tlsf,10000,300,0.0237,0.9935,0.88
/workspaces/Automata_SSM_Learning/TestSet/benchmarks/tlsf_4/g-real-real.tlsf,10000,400,0.0224,0.9935,0.88
/workspaces/Automata_SSM_Learning/TestSet/benchmarks/tlsf_4/g-real-real.tlsf,10000,500,0.0214,0.9935,0.88
/workspaces/Automata_SSM_Learning/TestSet/benchmarks/tlsf_4/g-real-real.tlsf,10000,600,0.0203,0.9935,0.88
/workspaces/Automata_SSM_Learning/TestSet/benchmarks/tlsf_4/g-real-real.tlsf,10000,700,0.0188,0.9935,0.88
/workspaces/Automata_SSM_Learning/TestSet/benchmarks/tlsf_4/g-real-real.tlsf,10000,800,0.0166,0.9936,0.882
/workspaces/Automata_SSM_Learning/TestSet/benchmarks/tlsf_4/g-real-real.tlsf,10000,900,0.0147,0.9935,0.881
/workspaces/Automata_SSM_Learning/TestSet/benchmarks/tlsf/ltl2dpa/ltl2dpa19.tlsf,10000,0,0.7061,0.0,0.0
/workspaces/Automata_SSM_Learning/TestSet/benchmarks/tlsf/ltl2dpa/ltl2dpa19.tlsf,10000,100,0.4038,0.7079,0.0
/workspaces/Automata_SSM_Learning/TestSet/benchmarks/tlsf/ltl2dpa/ltl2dpa19.tlsf,10000,200,0.1894,0.9373,0.526
/workspaces/Automata_SSM_Learning/TestSet/benchmarks/tlsf/ltl2dpa/ltl2dpa19.tlsf,10000,300,0.1586,0.931,0.384
/workspaces/Automata_SSM_Learning/TestSet/benchmarks/tlsf/ltl2dpa/ltl2dpa19.tlsf,10000,400,0.1404,0.9314,0.424
/workspaces/Automata_SSM_Learning/TestSet/benchmarks/tlsf/ltl2dpa/ltl2dpa19.tlsf,10000,500,0.1241,0.9361,0.478
/workspaces/Automata_SSM_Learning/TestSet/benchmarks/tlsf/ltl2dpa/ltl2dpa19.tlsf,10000,600,0.1095,0.9352,0.469
/workspaces/Automata_SSM_Learning/TestSet/benchmarks/tlsf/ltl2dpa/ltl2dpa19.tlsf,10000,700,0.0986,0.9334,0.449
/workspaces/Automata_SSM_Learning/TestSet/benchmarks/tlsf/ltl2dpa/ltl2dpa19.tlsf,10000,800,0.0893,0.9406,0.471
/workspaces/Automata_SSM_Learning/TestSet/benchmarks/tlsf/ltl2dpa/ltl2dpa19.tlsf,10000,900,0.0815,0.9432,0.492
/workspaces/Automata_SSM_Learning/TestSet/benchmarks/tlsf/ltl2dba/non_parametric_from_acacia/ltl2dba22.tlsf,10000,0,0.7093,0.0524,0.0
/workspaces/Automata_SSM_Learning/TestSet/benchmarks/tlsf/ltl2dba/non_parametric_from_acacia/ltl2dba22.tlsf,10000,100,0.0925,0.9727,0.741
/workspaces/Automata_SSM_Learning/TestSet/benchmarks/tlsf/ltl2dba/non_parametric_from_acacia/ltl2dba22.tlsf,10000,200,0.0329,0.9994,0.997
/workspaces/Automata_SSM_Learning/TestSet/benchmarks/tlsf/ltl2dba/non_parametric_from_acacia/ltl2dba22.tlsf,10000,300,0.019,0.9997,0.997
/workspaces/Automata_SSM_Learning/TestSet/benchmarks/tlsf/ltl2dba/non_parametric_from_acacia/ltl2dba22.tlsf,10000,400,0.0101,1.0,0.999
/workspaces/Automata_SSM_Learning/TestSet/benchmarks/tlsf/ltl2dba/non_parametric_from_acacia/ltl2dba22.tlsf,10000,500,0.0056,1.0,1.0
/workspaces/Automata_SSM_Learning/TestSet/benchmarks/tlsf/lift/parametric/lift.tlsf,10000,0,0.7098,0.0023,0.0
/workspaces/Automata_SSM_Learning/TestSet/benchmarks/tlsf/lift/parametric/lift.tlsf,10000,100,0.4676,0.3146,0.001
/workspaces/Automata_SSM_Learning/TestSet/benchmarks/tlsf/lift/parametric/lift.tlsf,10000,200,0.4495,0.3146,0.001
/workspaces/Automata_SSM_Learning/TestSet/benchmarks/tlsf/lift/parametric/lift.tlsf,10000,300,0.4311,0.3593,0.0
/workspaces/Automata_SSM_Learning/TestSet/benchmarks/tlsf/lift/parametric/lift.tlsf,10000,400,0.4121,0.3914,0.0
/workspaces/Automata_SSM_Learning/TestSet/benchmarks/tlsf/lift/parametric/lift.tlsf,10000,500,0.3942,0.4036,0.0
/workspaces/Automata_SSM_Learning/TestSet/benchmarks/tlsf/lift/parametric/lift.tlsf,10000,600,0.3584,0.4201,0.001
/workspaces/Automata_SSM_Learning/TestSet/benchmarks/tlsf/lift/parametric/lift.tlsf,10000,700,0.327,0.4582,0.001
/workspaces/Automata_SSM_Learning/TestSet/benchmarks/tlsf/lift/parametric/lift.tlsf,10000,800,0.3004,0.5027,0.001
/workspaces/Automata_SSM_Learning/TestSet/benchmarks/tlsf/lift/parametric/lift.tlsf,10000,900,0.2815,0.5153,0.001
/workspaces/Automata_SSM_Learning/TestSet/benchmarks/tlsf/ltl2dpa/ltl2dpa09.tlsf,10000,0,0.6746,0.2622,0.0
/workspaces/Automata_SSM_Learning/TestSet/benchmarks/tlsf/ltl2dpa/ltl2dpa09.tlsf,10000,100,0.3858,0.7341,0.006
/workspaces/Automata_SSM_Learning/TestSet/benchmarks/tlsf/ltl2dpa/ltl2dpa09.tlsf,10000,200,0.2682,0.786,0.021
/workspaces/Automata_SSM_Learning/TestSet/benchmarks/tlsf/ltl2dpa/ltl2dpa09.tlsf,10000,300,0.2149,0.8015,0.028
/workspaces/Automata_SSM_Learning/TestSet/benchmarks/tlsf/ltl2dpa/ltl2dpa09.tlsf,10000,400,0.1961,0.8046,0.028
/workspaces/Automata_SSM_Learning/TestSet/benchmarks/tlsf/ltl2dpa/ltl2dpa09.tlsf,10000,500,0.1899,0.8054,0.023
/workspaces/Automata_SSM_Learning/TestSet/benchmarks/tlsf/ltl2dpa/ltl2dpa09.tlsf,10000,600,0.1872,0.8044,0.022
/workspaces/Automata_SSM_Learning/TestSet/benchmarks/tlsf/ltl2dpa/ltl2dpa09.tlsf,10000,700,0.1856,0.8033,0.022
/workspaces/Automata_SSM_Learning/TestSet/benchmarks/tlsf/ltl2dpa/ltl2dpa09.tlsf,10000,800,0.1847,0.8019,0.022
/workspaces/Automata_SSM_Learning/TestSet/benchmarks/tlsf/ltl2dpa/ltl2dpa09.tlsf,10000,900,0.1842,0.801,0.017
/workspaces/Automata_SSM_Learning/TestSet/benchmarks/tlsf_3/tsl_paper/KitchenTimerV9.tlsf,10000,0,0.7172,0.0,0.0
/workspaces/Automata_SSM_Learning/TestSet/benchmarks/tlsf_3/tsl_paper/KitchenTimerV9.tlsf,10000,100,0.3435,0.0062,0.0
/workspaces/Automata_SSM_Learning/TestSet/benchmarks/tlsf_3/tsl_paper/KitchenTimerV9.tlsf,10000,200,0.2965,0.2185,0.0
/workspaces/Automata_SSM_Learning/TestSet/benchmarks/tlsf_3/tsl_paper/KitchenTimerV9.tlsf,10000,300,0.2724,0.4472,0.0
/workspaces/Automata_SSM_Learning/TestSet/benchmarks/tlsf_3/tsl_paper/KitchenTimerV9.tlsf,10000,400,0.2433,0.451,0.0
/workspaces/Automata_SSM_Learning/TestSet/benchmarks/tlsf_3/tsl_paper/KitchenTimerV9.tlsf,10000,500,0.2109,0.4793,0.0
/workspaces/Automata_SSM_Learning/TestSet/benchmarks/tlsf_3/tsl_paper/KitchenTimerV9.tlsf,10000,600,0.1848,0.5339,0.0
/workspaces/Automata_SSM_Learning/TestSet/benchmarks/tlsf_3/tsl_paper/KitchenTimerV9.tlsf,10000,700,0.1628,0.6352,0.0
/workspaces/Automata_SSM_Learning/TestSet/benchmarks/tlsf_3/tsl_paper/KitchenTimerV9.tlsf,10000,800,0.1469,0.6734,0.001
/workspaces/Automata_SSM_Learning/TestSet/benchmarks/tlsf_3/tsl_paper/KitchenTimerV9.tlsf,10000,900,0.1361,0.6925,0.002
/workspaces/Automata_SSM_Learning/TestSet/benchmarks/tlsf_3/tsl_paper/KitchenTimerV6.tlsf,10000,0,0.6631,0.0,0.0
/workspaces/Automata_SSM_Learning/TestSet/benchmarks/tlsf_3/tsl_paper/KitchenTimerV6.tlsf,10000,100,0.3881,0.0,0.0
/workspaces/Automata_SSM_Learning/TestSet/benchmarks/tlsf_3/tsl_paper/KitchenTimerV6.tlsf,10000,200,0.2934,0.5644,0.0
/workspaces/Automata_SSM_Learning/TestSet/benchmarks/tlsf_3/tsl_paper/KitchenTimerV6.tlsf,10000,300,0.2233,0.5565,0.0
/workspaces/Automata_SSM_Learning/TestSet/benchmarks/tlsf_3/tsl_paper/KitchenTimerV6.tlsf,10000,400,0.1962,0.6203,0.0
/workspaces/Automata_SSM_Learning/TestSet/benchmarks/tlsf_3/tsl_paper/KitchenTimerV6.tlsf,10000,500,0.1799,0.6615,0.001
/workspaces/Automata_SSM_Learning/TestSet/benchmarks/tlsf_3/tsl_paper/KitchenTimerV6.tlsf,10000,600,0.1669,0.6915,0.002
/workspaces/Automata_SSM_Learning/TestSet/benchmarks/tlsf_3/tsl_paper/KitchenTimerV6.tlsf,10000,700,0.155,0.7088,0.002
/workspaces/Automata_SSM_Learning/TestSet/benchmarks/tlsf_3/tsl_paper/KitchenTimerV6.tlsf,10000,800,0.1436,0.7316,0.004
/workspaces/Automata_SSM_Learning/TestSet/benchmarks/tlsf_3/tsl_paper/KitchenTimerV6.tlsf,10000,900,0.1317,0.76,0.012
/workspaces/Automata_SSM_Learning/TestSet/benchmarks/tlsf/generalized_buffer/parametric/generalized_buffer.tlsf,10000,0,0.7008,0.0093,0.0
/workspaces/Automata_SSM_Learning/TestSet/benchmarks/tlsf/generalized_buffer/parametric/generalized_buffer.tlsf,10000,100,0.4115,0.4014,0.001
/workspaces/Automata_SSM_Learning/TestSet/benchmarks/tlsf/generalized_buffer/parametric/generalized_buffer.tlsf,10000,200,0.3316,0.5468,0.0
/workspaces/Automata_SSM_Learning/TestSet/benchmarks/tlsf/generalized_buffer/parametric/generalized_buffer.tlsf,10000,300,0.2879,0.6666,0.009
/workspaces/Automata_SSM_Learning/TestSet/benchmarks/tlsf/generalized_buffer/parametric/generalized_buffer.tlsf,10000,400,0.2673,0.673,0.021
/workspaces/Automata_SSM_Learning/TestSet/benchmarks/tlsf/generalized_buffer/parametric/generalized_buffer.tlsf,10000,500,0.2542,0.6805,0.026
/workspaces/Automata_SSM_Learning/TestSet/benchmarks/tlsf/generalized_buffer/parametric/generalized_buffer.tlsf,10000,600,0.2445,0.6884,0.037
/workspaces/Automata_SSM_Learning/TestSet/benchmarks/tlsf/generalized_buffer/parametric/generalized_buffer.tlsf,10000,700,0.2368,0.6952,0.032
/workspaces/Automata_SSM_Learning/TestSet/benchmarks/tlsf/generalized_buffer/parametric/generalized_buffer.tlsf,10000,800,0.2297,0.7007,0.038
/workspaces/Automata_SSM_Learning/TestSet/benchmarks/tlsf/generalized_buffer/parametric/generalized_buffer.tlsf,10000,900,0.2217,0.707,0.042
/workspaces/Automata_SSM_Learning/TestSet/benchmarks/tlsf/ltl_f/generated_TLSF/workstation_resupply_pb_3_pe_.tlsf,10000,0,0.6878,0.0,0.0
/workspaces/Automata_SSM_Learning/TestSet/benchmarks/tlsf/ltl_f/generated_TLSF/workstation_resupply_pb_3_pe_.tlsf,10000,100,0.2407,0.5785,0.0
/workspaces/Automata_SSM_Learning/TestSet/benchmarks/tlsf/ltl_f/generated_TLSF/workstation_resupply_pb_3_pe_.tlsf,10000,200,0.2333,0.5785,0.0
/workspaces/Automata_SSM_Learning/TestSet/benchmarks/tlsf/ltl_f/generated_TLSF/workstation_resupply_pb_3_pe_.tlsf,10000,300,0.2239,0.5785,0.0
/workspaces/Automata_SSM_Learning/TestSet/benchmarks/tlsf/ltl_f/generated_TLSF/workstation_resupply_pb_3_pe_.tlsf,10000,400,0.1985,0.5798,0.0
/workspaces/Automata_SSM_Learning/TestSet/benchmarks/tlsf/ltl_f/generated_TLSF/workstation_resupply_pb_3_pe_.tlsf,10000,500,0.1738,0.557,0.0
/workspaces/Automata_SSM_Learning/TestSet/benchmarks/tlsf/ltl_f/generated_TLSF/workstation_resupply_pb_3_pe_.tlsf,10000,600,0.1602,0.6162,0.0
/workspaces/Automata_SSM_Learning/TestSet/benchmarks/tlsf/ltl_f/generated_TLSF/workstation_resupply_pb_3_pe_.tlsf,10000,700,0.1475,0.6916,0.0
/workspaces/Automata_SSM_Learning/TestSet/benchmarks/tlsf/ltl_f/generated_TLSF/workstation_resupply_pb_3_pe_.tlsf,10000,800,0.1206,0.7376,0.0
/workspaces/Automata_SSM_Learning/TestSet/benchmarks/tlsf/ltl_f/generated_TLSF/workstation_resupply_pb_3_pe_.tlsf,10000,900,0.1006,0.7842,0.36
/workspaces/Automata_SSM_Learning/TestSet/benchmarks/tlsf_2/sweap/robot-cat-real-1d-real.tlsf,10000,0,0.7278,0.0,0.0
/workspaces/Automata_SSM_Learning/TestSet/benchmarks/tlsf_2/sweap/robot-cat-real-1d-real.tlsf,10000,100,0.0962,0.9828,0.757
/workspaces/Automata_SSM_Learning/TestSet/benchmarks/tlsf_2/sweap/robot-cat-real-1d-real.tlsf,10000,200,0.0269,0.9923,0.912
/workspaces/Automata_SSM_Learning/TestSet/benchmarks/tlsf_2/sweap/robot-cat-real-1d-real.tlsf,10000,300,0.0176,0.994,0.944
/workspaces/Automata_SSM_Learning/TestSet/benchmarks/tlsf_2/sweap/robot-cat-real-1d-real.tlsf,10000,400,0.0141,0.9946,0.955
/workspaces/Automata_SSM_Learning/TestSet/benchmarks/tlsf_2/sweap/robot-cat-real-1d-real.tlsf,10000,500,0.0123,0.9947,0.958
/workspaces/Automata_SSM_Learning/TestSet/benchmarks/tlsf_2/sweap/robot-cat-real-1d-real.tlsf,10000,600,0.011,0.9948,0.96
/workspaces/Automata_SSM_Learning/TestSet/benchmarks/tlsf_2/sweap/robot-cat-real-1d-real.tlsf,10000,700,0.0093,0.9948,0.96
/workspaces/Automata_SSM_Learning/TestSet/benchmarks/tlsf_2/sweap/robot-cat-real-1d-real.tlsf,10000,800,0.0048,0.9981,0.973
/workspaces/Automata_SSM_Learning/TestSet/benchmarks/tlsf_2/sweap/robot-cat-real-1d-real.tlsf,10000,900,0.0036,0.9992,0.985
/workspaces/Automata_SSM_Learning/TestSet/benchmarks/tlsf/lily/lilydemo06.tlsf,10000,0,0.7155,0.2592,0.0
/workspaces/Automata_SSM_Learning/TestSet/benchmarks/tlsf/lily/lilydemo06.tlsf,10000,100,0.3412,0.8863,0.11
/workspaces/Automata_SSM_Learning/TestSet/benchmarks/tlsf/lily/lilydemo06.tlsf,10000,200,0.2075,0.9465,0.416
/workspaces/Automata_SSM_Learning/TestSet/benchmarks/tlsf/lily/lilydemo06.tlsf,10000,300,0.1179,0.9771,0.674
/workspaces/Automata_SSM_Learning/TestSet/benchmarks/tlsf/lily/lilydemo06.tlsf,10000,400,0.0654,0.9842,0.763
/workspaces/Automata_SSM_Learning/TestSet/benchmarks/tlsf/lily/lilydemo06.tlsf,10000,500,0.0304,0.9936,0.883
/workspaces/Automata_SSM_Learning/TestSet/benchmarks/tlsf/lily/lilydemo06.tlsf,10000,600,0.0142,0.9996,0.992
/workspaces/Automata_SSM_Learning/TestSet/benchmarks/tlsf/lily/lilydemo06.tlsf,10000,700,0.0079,1.0,1.0
/workspaces/Automata_SSM_Learning/TestSet/benchmarks/tlsf/ltl2dpa/ltl2dpa20.tlsf,10000,0,0.7021,0.0837,0.0
/workspaces/Automata_SSM_Learning/TestSet/benchmarks/tlsf/ltl2dpa/ltl2dpa20.tlsf,10000,100,0.1408,0.9496,0.616
/workspaces/Automata_SSM_Learning/TestSet/benchmarks/tlsf/ltl2dpa/ltl2dpa20.tlsf,10000,200,0.0912,0.947,0.52
/workspaces/Automata_SSM_Learning/TestSet/benchmarks/tlsf/ltl2dpa/ltl2dpa20.tlsf,10000,300,0.075,0.9556,0.574
/workspaces/Automata_SSM_Learning/TestSet/benchmarks/tlsf/ltl2dpa/ltl2dpa20.tlsf,10000,400,0.0673,0.9537,0.539
/workspaces/Automata_SSM_Learning/TestSet/benchmarks/tlsf/ltl2dpa/ltl2dpa20.tlsf,10000,500,0.0616,0.9566,0.539
/workspaces/Automata_SSM_Learning/TestSet/benchmarks/tlsf/ltl2dpa/ltl2dpa20.tlsf,10000,600,0.0568,0.9564,0.522
/workspaces/Automata_SSM_Learning/TestSet/benchmarks/tlsf/ltl2dpa/ltl2dpa20.tlsf,10000,700,0.0536,0.9591,0.547
/workspaces/Automata_SSM_Learning/TestSet/benchmarks/tlsf/ltl2dpa/ltl2dpa20.tlsf,10000,800,0.0481,0.9609,0.556
/workspaces/Automata_SSM_Learning/TestSet/benchmarks/tlsf/ltl2dpa/ltl2dpa20.tlsf,10000,900,0.0207,0.9859,0.772
/workspaces/Automata_SSM_Learning/TestSet/benchmarks/tlsf/lily/lilydemo18.tlsf,10000,0,0.6971,0.0,0.0
/workspaces/Automata_SSM_Learning/TestSet/benchmarks/tlsf/lily/lilydemo18.tlsf,10000,100,0.5554,0.0054,0.0
/workspaces/Automata_SSM_Learning/TestSet/benchmarks/tlsf/lily/lilydemo18.tlsf,10000,200,0.1788,1.0,1.0
/workspaces/Automata_SSM_Learning/TestSet/benchmarks/tlsf_3/tsl_paper/TwoCounters4.tlsf,10000,0,0.7047,0.0,0.0
/workspaces/Automata_SSM_Learning/TestSet/benchmarks/tlsf_3/tsl_paper/TwoCounters4.tlsf,10000,100,0.5114,0.0217,0.0
/workspaces/Automata_SSM_Learning/TestSet/benchmarks/tlsf_3/tsl_paper/TwoCounters4.tlsf,10000,200,0.403,0.174,0.0
/workspaces/Automata_SSM_Learning/TestSet/benchmarks/tlsf_3/tsl_paper/TwoCounters4.tlsf,10000,300,0.3649,0.2386,0.0
/workspaces/Automata_SSM_Learning/TestSet/benchmarks/tlsf_3/tsl_paper/TwoCounters4.tlsf,10000,400,0.3422,0.2646,0.0
/workspaces/Automata_SSM_Learning/TestSet/benchmarks/tlsf_3/tsl_paper/TwoCounters4.tlsf,10000,500,0.3243,0.2814,0.0
/workspaces/Automata_SSM_Learning/TestSet/benchmarks/tlsf_3/tsl_paper/TwoCounters4.tlsf,10000,600,0.3107,0.2858,0.0
/workspaces/Automata_SSM_Learning/TestSet/benchmarks/tlsf_3/tsl_paper/TwoCounters4.tlsf,10000,700,0.3,0.2787,0.0
/workspaces/Automata_SSM_Learning/TestSet/benchmarks/tlsf_3/tsl_paper/TwoCounters4.tlsf,10000,800,0.2921,0.2813,0.0
/workspaces/Automata_SSM_Learning/TestSet/benchmarks/tlsf_3/tsl_paper/TwoCounters4.tlsf,10000,900,0.2865,0.2821,0.0
/workspaces/Automata_SSM_Learning/TestSet/benchmarks/tlsf/collector/parametric/collector_v2.tlsf,10000,0,0.7291,0.2648,0.0
/workspaces/Automata_SSM_Learning/TestSet/benchmarks/tlsf/collector/parametric/collector_v2.tlsf,10000,100,0.5396,0.7416,0.0
/workspaces/Automata_SSM_Learning/TestSet/benchmarks/tlsf/collector/parametric/collector_v2.tlsf,10000,200,0.3672,0.8466,0.009
/workspaces/Automata_SSM_Learning/TestSet/benchmarks/tlsf/collector/parametric/collector_v2.tlsf,10000,300,0.3462,0.8506,0.011
/workspaces/Automata_SSM_Learning/TestSet/benchmarks/tlsf/collector/parametric/collector_v2.tlsf,10000,400,0.317,0.8539,0.019
/workspaces/Automata_SSM_Learning/TestSet/benchmarks/tlsf/collector/parametric/collector_v2.tlsf,10000,500,0.2984,0.862,0.043
/workspaces/Automata_SSM_Learning/TestSet/benchmarks/tlsf/collector/parametric/collector_v2.tlsf,10000,600,0.2073,0.9055,0.202
/workspaces/Automata_SSM_Learning/TestSet/benchmarks/tlsf/collector/parametric/collector_v2.tlsf,10000,700,0.1405,0.951,0.499
/workspaces/Automata_SSM_Learning/TestSet/benchmarks/tlsf/collector/parametric/collector_v2.tlsf,10000,800,0.006,0.9999,0.998
/workspaces/Automata_SSM_Learning/TestSet/benchmarks/tlsf/collector/parametric/collector_v2.tlsf,10000,900,0.0025,1.0,1.0
/workspaces/Automata_SSM_Learning/TestSet/benchmarks/tlsf_3/tsl_paper/Automata.tlsf,10000,0,0.6888,0.0,0.0
/workspaces/Automata_SSM_Learning/TestSet/benchmarks/tlsf_3/tsl_paper/Automata.tlsf,10000,100,0.2327,0.4775,0.0
/workspaces/Automata_SSM_Learning/TestSet/benchmarks/tlsf_3/tsl_paper/Automata.tlsf,10000,200,0.2258,0.4775,0.0
/workspaces/Automata_SSM_Learning/TestSet/benchmarks/tlsf_3/tsl_paper/Automata.tlsf,10000,300,0.222,0.4741,0.0
/workspaces/Automata_SSM_Learning/TestSet/benchmarks/tlsf_3/tsl_paper/Automata.tlsf,10000,400,0.2021,0.4558,0.0
/workspaces/Automata_SSM_Learning/TestSet/benchmarks/tlsf_3/tsl_paper/Automata.tlsf,10000,500,0.1803,0.4558,0.0
/workspaces/Automata_SSM_Learning/TestSet/benchmarks/tlsf_3/tsl_paper/Automata.tlsf,10000,600,0.173,0.4558,0.0
/workspaces/Automata_SSM_Learning/TestSet/benchmarks/tlsf_3/tsl_paper/Automata.tlsf,10000,700,0.1687,0.4558,0.0
/workspaces/Automata_SSM_Learning/TestSet/benchmarks/tlsf_3/tsl_paper/Automata.tlsf,10000,800,0.1646,0.4558,0.0
/workspaces/Automata_SSM_Learning/TestSet/benchmarks/tlsf_3/tsl_paper/Automata.tlsf,10000,900,0.161,0.4558,0.0
/workspaces/Automata_SSM_Learning/TestSet/benchmarks/tlsf/ltl2dba/non_parametric_from_acacia/ltl2dba25.tlsf,10000,0,0.6777,0.9481,0.482
/workspaces/Automata_SSM_Learning/TestSet/benchmarks/tlsf/ltl2dba/non_parametric_from_acacia/ltl2dba25.tlsf,10000,100,0.1555,0.9481,0.482
/workspaces/Automata_SSM_Learning/TestSet/benchmarks/tlsf/ltl2dba/non_parametric_from_acacia/ltl2dba25.tlsf,10000,200,0.1132,0.9647,0.644
/workspaces/Automata_SSM_Learning/TestSet/benchmarks/tlsf/ltl2dba/non_parametric_from_acacia/ltl2dba25.tlsf,10000,300,0.0896,0.9689,0.66
/workspaces/Automata_SSM_Learning/TestSet/benchmarks/tlsf/ltl2dba/non_parametric_from_acacia/ltl2dba25.tlsf,10000,400,0.0679,0.9746,0.688
/workspaces/Automata_SSM_Learning/TestSet/benchmarks/tlsf/ltl2dba/non_parametric_from_acacia/ltl2dba25.tlsf,10000,500,0.061,0.9756,0.689
/workspaces/Automata_SSM_Learning/TestSet/benchmarks/tlsf/ltl2dba/non_parametric_from_acacia/ltl2dba25.tlsf,10000,600,0.0578,0.9766,0.694
/workspaces/Automata_SSM_Learning/TestSet/benchmarks/tlsf/ltl2dba/non_parametric_from_acacia/ltl2dba25.tlsf,10000,700,0.0562,0.9775,0.697
/workspaces/Automata_SSM_Learning/TestSet/benchmarks/tlsf/ltl2dba/non_parametric_from_acacia/ltl2dba25.tlsf,10000,800,0.0549,0.978,0.698
/workspaces/Automata_SSM_Learning/TestSet/benchmarks/tlsf/ltl2dba/non_parametric_from_acacia/ltl2dba25.tlsf,10000,900,0.0534,0.9784,0.699
/workspaces/Automata_SSM_Learning/TestSet/benchmarks/tlsf/lily/lilydemo19.tlsf,10000,0,0.6944,0.1497,0.0
/workspaces/Automata_SSM_Learning/TestSet/benchmarks/tlsf/lily/lilydemo19.tlsf,10000,100,0.2597,0.8054,0.01
/workspaces/Automata_SSM_Learning/TestSet/benchmarks/tlsf/lily/lilydemo19.tlsf,10000,200,0.1124,0.919,0.21
/workspaces/Automata_SSM_Learning/TestSet/benchmarks/tlsf/lily/lilydemo19.tlsf,10000,300,0.0217,1.0,1.0
/workspaces/Automata_SSM_Learning/TestSet/benchmarks/tlsf_3/tsl_paper/TorcsGearing.tlsf,10000,0,0.6992,0.0,0.0
/workspaces/Automata_SSM_Learning/TestSet/benchmarks/tlsf_3/tsl_paper/TorcsGearing.tlsf,10000,100,0.2066,0.9746,0.492
/workspaces/Automata_SSM_Learning/TestSet/benchmarks/tlsf_3/tsl_paper/TorcsGearing.tlsf,10000,200,0.0484,1.0,1.0
/workspaces/Automata_SSM_Learning/TestSet/benchmarks/tlsf_2/sweap/robot-grid-reach-repeated-with-obstacles-2d-real.tlsf,10000,0,0.7223,0.1643,0.0
/workspaces/Automata_SSM_Learning/TestSet/benchmarks/tlsf_2/sweap/robot-grid-reach-repeated-with-obstacles-2d-real.tlsf,10000,100,0.2873,0.8281,0.029
/workspaces/Automata_SSM_Learning/TestSet/benchmarks/tlsf_2/sweap/robot-grid-reach-repeated-with-obstacles-2d-real.tlsf,10000,200,0.0843,0.9425,0.292
/workspaces/Automata_SSM_Learning/TestSet/benchmarks/tlsf_2/sweap/robot-grid-reach-repeated-with-obstacles-2d-real.tlsf,10000,300,0.0485,0.9779,0.691
/workspaces/Automata_SSM_Learning/TestSet/benchmarks/tlsf_2/sweap/robot-grid-reach-repeated-with-obstacles-2d-real.tlsf,10000,400,0.034,0.9882,0.838
/workspaces/Automata_SSM_Learning/TestSet/benchmarks/tlsf_2/sweap/robot-grid-reach-repeated-with-obstacles-2d-real.tlsf,10000,500,0.0254,0.9903,0.856
/workspaces/Automata_SSM_Learning/TestSet/benchmarks/tlsf_2/sweap/robot-grid-reach-repeated-with-obstacles-2d-real.tlsf,10000,600,0.0195,0.9929,0.888
/workspaces/Automata_SSM_Learning/TestSet/benchmarks/tlsf_2/sweap/robot-grid-reach-repeated-with-obstacles-2d-real.tlsf,10000,700,0.0148,0.994,0.903
/workspaces/Automata_SSM_Learning/TestSet/benchmarks/tlsf_2/sweap/robot-grid-reach-repeated-with-obstacles-2d-real.tlsf,10000,800,0.0118,0.9953,0.922
/workspaces/Automata_SSM_Learning/TestSet/benchmarks/tlsf_2/sweap/robot-grid-reach-repeated-with-obstacles-2d-real.tlsf,10000,900,0.0099,0.9963,0.933
/workspaces/Automata_SSM_Learning/TestSet/benchmarks/tlsf/ltl2dba/parametric/ltl2dba_Q.tlsf,10000,0,0.702,0.5005,0.0
/workspaces/Automata_SSM_Learning/TestSet/benchmarks/tlsf/ltl2dba/parametric/ltl2dba_Q.tlsf,10000,100,0.1647,0.9442,0.346
/workspaces/Automata_SSM_Learning/TestSet/benchmarks/tlsf/ltl2dba/parametric/ltl2dba_Q.tlsf,10000,200,0.1177,0.9656,0.588
/workspaces/Automata_SSM_Learning/TestSet/benchmarks/tlsf/ltl2dba/parametric/ltl2dba_Q.tlsf,10000,300,0.0972,0.9665,0.595
/workspaces/Automata_SSM_Learning/TestSet/benchmarks/tlsf/ltl2dba/parametric/ltl2dba_Q.tlsf,10000,400,0.0874,0.9663,0.593
/workspaces/Automata_SSM_Learning/TestSet/benchmarks/tlsf/ltl2dba/parametric/ltl2dba_Q.tlsf,10000,500,0.0755,0.9688,0.625
/workspaces/Automata_SSM_Learning/TestSet/benchmarks/tlsf/ltl2dba/parametric/ltl2dba_Q.tlsf,10000,600,0.0668,0.9698,0.649
/workspaces/Automata_SSM_Learning/TestSet/benchmarks/tlsf/ltl2dba/parametric/ltl2dba_Q.tlsf,10000,700,0.0623,0.9707,0.625
/workspaces/Automata_SSM_Learning/TestSet/benchmarks/tlsf/ltl2dba/parametric/ltl2dba_Q.tlsf,10000,800,0.0592,0.9714,0.645
/workspaces/Automata_SSM_Learning/TestSet/benchmarks/tlsf/ltl2dba/parametric/ltl2dba_Q.tlsf,10000,900,0.0556,0.9735,0.672
/workspaces/Automata_SSM_Learning/TestSet/benchmarks/tlsf_3/tsl_paper/TwoCountersRefinedRefined.tlsf,10000,0,0.6939,0.0,0.0
/workspaces/Automata_SSM_Learning/TestSet/benchmarks/tlsf_3/tsl_paper/TwoCountersRefinedRefined.tlsf,10000,100,0.5044,0.1678,0.0
/workspaces/Automata_SSM_Learning/TestSet/benchmarks/tlsf_3/tsl_paper/TwoCountersRefinedRefined.tlsf,10000,200,0.3811,0.1197,0.0
/workspaces/Automata_SSM_Learning/TestSet/benchmarks/tlsf_3/tsl_paper/TwoCountersRefinedRefined.tlsf,10000,300,0.3277,0.1393,0.0
/workspaces/Automata_SSM_Learning/TestSet/benchmarks/tlsf_3/tsl_paper/TwoCountersRefinedRefined.tlsf,10000,400,0.3067,0.1402,0.0
/workspaces/Automata_SSM_Learning/TestSet/benchmarks/tlsf_3/tsl_paper/TwoCountersRefinedRefined.tlsf,10000,500,0.2974,0.1471,0.0
/workspaces/Automata_SSM_Learning/TestSet/benchmarks/tlsf_3/tsl_paper/TwoCountersRefinedRefined.tlsf,10000,600,0.2904,0.1589,0.0
/workspaces/Automata_SSM_Learning/TestSet/benchmarks/tlsf_3/tsl_paper/TwoCountersRefinedRefined.tlsf,10000,700,0.2835,0.1576,0.0
/workspaces/Automata_SSM_Learning/TestSet/benchmarks/tlsf_3/tsl_paper/TwoCountersRefinedRefined.tlsf,10000,800,0.2768,0.1567,0.0
/workspaces/Automata_SSM_Learning/TestSet/benchmarks/tlsf_3/tsl_paper/TwoCountersRefinedRefined.tlsf,10000,900,0.2703,0.1602,0.0
/workspaces/Automata_SSM_Learning/TestSet/benchmarks/tlsf_2/sweap/robot-grid-reach-2d-real.tlsf,10000,0,0.6388,0.8625,0.042
/workspaces/Automata_SSM_Learning/TestSet/benchmarks/tlsf_2/sweap/robot-grid-reach-2d-real.tlsf,10000,100,0.174,0.8748,0.063
/workspaces/Automata_SSM_Learning/TestSet/benchmarks/tlsf_2/sweap/robot-grid-reach-2d-real.tlsf,10000,200,0.0567,0.9837,0.788
/workspaces/Automata_SSM_Learning/TestSet/benchmarks/tlsf_2/sweap/robot-grid-reach-2d-real.tlsf,10000,300,0.0376,0.9838,0.782
/workspaces/Automata_SSM_Learning/TestSet/benchmarks/tlsf_2/sweap/robot-grid-reach-2d-real.tlsf,10000,400,0.0334,0.9836,0.775
/workspaces/Automata_SSM_Learning/TestSet/benchmarks/tlsf_2/sweap/robot-grid-reach-2d-real.tlsf,10000,500,0.0306,0.9829,0.766
/workspaces/Automata_SSM_Learning/TestSet/benchmarks/tlsf_2/sweap/robot-grid-reach-2d-real.tlsf,10000,600,0.0281,0.9835,0.772
/workspaces/Automata_SSM_Learning/TestSet/benchmarks/tlsf_2/sweap/robot-grid-reach-2d-real.tlsf,10000,700,0.0259,0.9839,0.779
/workspaces/Automata_SSM_Learning/TestSet/benchmarks/tlsf_2/sweap/robot-grid-reach-2d-real.tlsf,10000,800,0.0236,0.9843,0.781
/workspaces/Automata_SSM_Learning/TestSet/benchmarks/tlsf_2/sweap/robot-grid-reach-2d-real.tlsf,10000,900,0.0204,0.9851,0.789
/workspaces/Automata_SSM_Learning/TestSet/benchmarks/tlsf_4/heim-double-x-real.tlsf,10000,0,0.6248,0.951,0.49
/workspaces/Automata_SSM_Learning/TestSet/benchmarks/tlsf_4/heim-double-x-real.tlsf,10000,100,0.0443,0.9973,0.966
/workspaces/Automata_SSM_Learning/TestSet/benchmarks/tlsf_4/heim-double-x-real.tlsf,10000,200,0.0126,0.9995,0.99
/workspaces/Automata_SSM_Learning/TestSet/benchmarks/tlsf_4/heim-double-x-real.tlsf,10000,300,0.0061,0.9994,0.99
/workspaces/Automata_SSM_Learning/TestSet/benchmarks/tlsf_4/heim-double-x-real.tlsf,10000,400,0.0036,0.9995,0.991
/workspaces/Automata_SSM_Learning/TestSet/benchmarks/tlsf_4/heim-double-x-real.tlsf,10000,500,0.0025,0.9996,0.992
/workspaces/Automata_SSM_Learning/TestSet/benchmarks/tlsf_4/heim-double-x-real.tlsf,10000,600,0.0018,0.9996,0.991
/workspaces/Automata_SSM_Learning/TestSet/benchmarks/tlsf_4/heim-double-x-real.tlsf,10000,700,0.0014,0.9996,0.992
/workspaces/Automata_SSM_Learning/TestSet/benchmarks/tlsf_4/heim-double-x-real.tlsf,10000,800,0.0012,0.9997,0.994
/workspaces/Automata_SSM_Learning/TestSet/benchmarks/tlsf_4/heim-double-x-real.tlsf,10000,900,0.001,0.9997,0.994
/workspaces/Automata_SSM_Learning/TestSet/benchmarks/tlsf_3/tsl_paper/SliderScored.tlsf,10000,0,0.7073,0.0,0.0
/workspaces/Automata_SSM_Learning/TestSet/benchmarks/tlsf_3/tsl_paper/SliderScored.tlsf,10000,100,0.4435,0.0,0.0
/workspaces/Automata_SSM_Learning/TestSet/benchmarks/tlsf_3/tsl_paper/SliderScored.tlsf,10000,200,0.4262,0.0053,0.0
/workspaces/Automata_SSM_Learning/TestSet/benchmarks/tlsf_3/tsl_paper/SliderScored.tlsf,10000,300,0.4094,0.0013,0.0
/workspaces/Automata_SSM_Learning/TestSet/benchmarks/tlsf_3/tsl_paper/SliderScored.tlsf,10000,400,0.3944,0.012,0.0
/workspaces/Automata_SSM_Learning/TestSet/benchmarks/tlsf_3/tsl_paper/SliderScored.tlsf,10000,500,0.3831,0.0316,0.0
/workspaces/Automata_SSM_Learning/TestSet/benchmarks/tlsf_3/tsl_paper/SliderScored.tlsf,10000,600,0.3742,0.0438,0.0
/workspaces/Automata_SSM_Learning/TestSet/benchmarks/tlsf_3/tsl_paper/SliderScored.tlsf,10000,700,0.3673,0.0548,0.0
/workspaces/Automata_SSM_Learning/TestSet/benchmarks/tlsf_3/tsl_paper/SliderScored.tlsf,10000,800,0.361,0.0602,0.0
/workspaces/Automata_SSM_Learning/TestSet/benchmarks/tlsf_3/tsl_paper/SliderScored.tlsf,10000,900,0.3547,0.0704,0.0
/workspaces/Automata_SSM_Learning/TestSet/benchmarks/tlsf_4/chain-simple-40-real.tlsf,10000,0,0.7319,0.0,0.0
/workspaces/Automata_SSM_Learning/TestSet/benchmarks/tlsf_4/chain-simple-40-real.tlsf,10000,100,0.2492,0.7923,0.01
/workspaces/Automata_SSM_Learning/TestSet/benchmarks/tlsf_4/chain-simple-40-real.tlsf,10000,200,0.1673,0.8525,0.031
/workspaces/Automata_SSM_Learning/TestSet/benchmarks/tlsf_4/chain-simple-40-real.tlsf,10000,300,0.1077,0.9316,0.266
/workspaces/Automata_SSM_Learning/TestSet/benchmarks/tlsf_4/chain-simple-40-real.tlsf,10000,400,0.0553,0.9857,0.764
/workspaces/Automata_SSM_Learning/TestSet/benchmarks/tlsf_4/chain-simple-40-real.tlsf,10000,500,0.0275,0.993,0.877
/workspaces/Automata_SSM_Learning/TestSet/benchmarks/tlsf_4/chain-simple-40-real.tlsf,10000,600,0.0181,0.9945,0.9
/workspaces/Automata_SSM_Learning/TestSet/benchmarks/tlsf_4/chain-simple-40-real.tlsf,10000,700,0.0137,0.9957,0.924
/workspaces/Automata_SSM_Learning/TestSet/benchmarks/tlsf_4/chain-simple-40-real.tlsf,10000,800,0.0111,0.9966,0.94
/workspaces/Automata_SSM_Learning/TestSet/benchmarks/tlsf_4/chain-simple-40-real.tlsf,10000,900,0.0094,0.9969,0.946
/workspaces/Automata_SSM_Learning/TestSet/benchmarks/tlsf/lily/lilydemo20.tlsf,10000,0,0.7168,0.0,0.0
/workspaces/Automata_SSM_Learning/TestSet/benchmarks/tlsf/lily/lilydemo20.tlsf,10000,100,0.2101,0.974,0.753
/workspaces/Automata_SSM_Learning/TestSet/benchmarks/tlsf/lily/lilydemo20.tlsf,10000,200,0.0825,0.9769,0.753
/workspaces/Automata_SSM_Learning/TestSet/benchmarks/tlsf/lily/lilydemo20.tlsf,10000,300,0.0525,0.9769,0.753
/workspaces/Automata_SSM_Learning/TestSet/benchmarks/tlsf/lily/lilydemo20.tlsf,10000,400,0.0444,0.9769,0.753
/workspaces/Automata_SSM_Learning/TestSet/benchmarks/tlsf/lily/lilydemo20.tlsf,10000,500,0.0418,0.9769,0.753
/workspaces/Automata_SSM_Learning/TestSet/benchmarks/tlsf/lily/lilydemo20.tlsf,10000,600,0.0407,0.9769,0.753
/workspaces/Automata_SSM_Learning/TestSet/benchmarks/tlsf/lily/lilydemo20.tlsf,10000,700,0.04,0.9769,0.753
/workspaces/Automata_SSM_Learning/TestSet/benchmarks/tlsf/lily/lilydemo20.tlsf,10000,800,0.0396,0.9769,0.753
/workspaces/Automata_SSM_Learning/TestSet/benchmarks/tlsf/lily/lilydemo20.tlsf,10000,900,0.0393,0.9769,0.753
/workspaces/Automata_SSM_Learning/TestSet/benchmarks/tlsf_3/tsl_paper/KitchenTimerV3.tlsf,10000,0,0.715,0.0,0.0
/workspaces/Automata_SSM_Learning/TestSet/benchmarks/tlsf_3/tsl_paper/KitchenTimerV3.tlsf,10000,100,0.4229,0.0,0.0
/workspaces/Automata_SSM_Learning/TestSet/benchmarks/tlsf_3/tsl_paper/KitchenTimerV3.tlsf,10000,200,0.3853,0.007,0.0
/workspaces/Automata_SSM_Learning/TestSet/benchmarks/tlsf_3/tsl_paper/KitchenTimerV3.tlsf,10000,300,0.2985,0.2643,0.0
/workspaces/Automata_SSM_Learning/TestSet/benchmarks/tlsf_3/tsl_paper/KitchenTimerV3.tlsf,10000,400,0.237,0.5678,0.001
/workspaces/Automata_SSM_Learning/TestSet/benchmarks/tlsf_3/tsl_paper/KitchenTimerV3.tlsf,10000,500,0.1993,0.671,0.001
/workspaces/Automata_SSM_Learning/TestSet/benchmarks/tlsf_3/tsl_paper/KitchenTimerV3.tlsf,10000,600,0.1808,0.732,0.005
/workspaces/Automata_SSM_Learning/TestSet/benchmarks/tlsf_3/tsl_paper/KitchenTimerV3.tlsf,10000,700,0.1693,0.7485,0.009
/workspaces/Automata_SSM_Learning/TestSet/benchmarks/tlsf_3/tsl_paper/KitchenTimerV3.tlsf,10000,800,0.1599,0.754,0.012
/workspaces/Automata_SSM_Learning/TestSet/benchmarks/tlsf_3/tsl_paper/KitchenTimerV3.tlsf,10000,900,0.1513,0.7573,0.011
/workspaces/Automata_SSM_Learning/TestSet/benchmarks/tlsf_4/chain-simple-50-real.tlsf,10000,0,0.708,0.0,0.0
/workspaces/Automata_SSM_Learning/TestSet/benchmarks/tlsf_4/chain-simple-50-real.tlsf,10000,100,0.2504,0.7991,0.007
/workspaces/Automata_SSM_Learning/TestSet/benchmarks/tlsf_4/chain-simple-50-real.tlsf,10000,200,0.1716,0.8147,0.011
/workspaces/Automata_SSM_Learning/TestSet/benchmarks/tlsf_4/chain-simple-50-real.tlsf,10000,300,0.1067,0.914,0.117
/workspaces/Automata_SSM_Learning/TestSet/benchmarks/tlsf_4/chain-simple-50-real.tlsf,10000,400,0.0676,0.9633,0.502
/workspaces/Automata_SSM_Learning/TestSet/benchmarks/tlsf_4/chain-simple-50-real.tlsf,10000,500,0.029,0.994,0.895
/workspaces/Automata_SSM_Learning/TestSet/benchmarks/tlsf_4/chain-simple-50-real.tlsf,10000,600,0.0174,0.9951,0.917
/workspaces/Automata_SSM_Learning/TestSet/benchmarks/tlsf_4/chain-simple-50-real.tlsf,10000,700,0.0132,0.9958,0.928
/workspaces/Automata_SSM_Learning/TestSet/benchmarks/tlsf_4/chain-simple-50-real.tlsf,10000,800,0.0109,0.9962,0.935
/workspaces/Automata_SSM_Learning/TestSet/benchmarks/tlsf_4/chain-simple-50-real.tlsf,10000,900,0.0094,0.9966,0.942
/workspaces/Automata_SSM_Learning/TestSet/benchmarks/tlsf_3/tsl_paper/TorcsSteeringSmart.tlsf,10000,0,0.7187,0.0,0.0
/workspaces/Automata_SSM_Learning/TestSet/benchmarks/tlsf_3/tsl_paper/TorcsSteeringSmart.tlsf,10000,100,0.4233,0.1249,0.0
/workspaces/Automata_SSM_Learning/TestSet/benchmarks/tlsf_3/tsl_paper/TorcsSteeringSmart.tlsf,10000,200,0.4141,0.1249,0.0
/workspaces/Automata_SSM_Learning/TestSet/benchmarks/tlsf_3/tsl_paper/TorcsSteeringSmart.tlsf,10000,300,0.3802,0.1814,0.0
/workspaces/Automata_SSM_Learning/TestSet/benchmarks/tlsf_3/tsl_paper/TorcsSteeringSmart.tlsf,10000,400,0.3587,0.2224,0.0
/workspaces/Automata_SSM_Learning/TestSet/benchmarks/tlsf_3/tsl_paper/TorcsSteeringSmart.tlsf,10000,500,0.3433,0.2851,0.0
/workspaces/Automata_SSM_Learning/TestSet/benchmarks/tlsf_3/tsl_paper/TorcsSteeringSmart.tlsf,10000,600,0.3273,0.3191,0.0
/workspaces/Automata_SSM_Learning/TestSet/benchmarks/tlsf_3/tsl_paper/TorcsSteeringSmart.tlsf,10000,700,0.2765,0.3892,0.0
/workspaces/Automata_SSM_Learning/TestSet/benchmarks/tlsf_3/tsl_paper/TorcsSteeringSmart.tlsf,10000,800,0.2582,0.404,0.0
/workspaces/Automata_SSM_Learning/TestSet/benchmarks/tlsf_3/tsl_paper/TorcsSteeringSmart.tlsf,10000,900,0.2471,0.4121,0.0
/workspaces/Automata_SSM_Learning/TestSet/benchmarks/tlsf/full_arbiter_log/parametric/full_arbiter_enc.tlsf,10000,0,0.6936,0.0897,0.0
/workspaces/Automata_SSM_Learning/TestSet/benchmarks/tlsf/full_arbiter_log/parametric/full_arbiter_enc.tlsf,10000,100,0.6183,0.1789,0.0
/workspaces/Automata_SSM_Learning/TestSet/benchmarks/tlsf/full_arbiter_log/parametric/full_arbiter_enc.tlsf,10000,200,0.5854,0.2226,0.0
/workspaces/Automata_SSM_Learning/TestSet/benchmarks/tlsf/full_arbiter_log/parametric/full_arbiter_enc.tlsf,10000,300,0.5576,0.2391,0.0
/workspaces/Automata_SSM_Learning/TestSet/benchmarks/tlsf/full_arbiter_log/parametric/full_arbiter_enc.tlsf,10000,400,0.5212,0.2884,0.0
/workspaces/Automata_SSM_Learning/TestSet/benchmarks/tlsf/full_arbiter_log/parametric/full_arbiter_enc.tlsf,10000,500,0.4899,0.3211,0.0
/workspaces/Automata_SSM_Learning/TestSet/benchmarks/tlsf/full_arbiter_log/parametric/full_arbiter_enc.tlsf,10000,600,0.4777,0.3353,0.0
/workspaces/Automata_SSM_Learning/TestSet/benchmarks/tlsf/full_arbiter_log/parametric/full_arbiter_enc.tlsf,10000,700,0.47,0.3465,0.0
/workspaces/Automata_SSM_Learning/TestSet/benchmarks/tlsf/full_arbiter_log/parametric/full_arbiter_enc.tlsf,10000,800,0.4644,0.3541,0.0
/workspaces/Automata_SSM_Learning/TestSet/benchmarks/tlsf/full_arbiter_log/parametric/full_arbiter_enc.tlsf,10000,900,0.4596,0.3624,0.0
/workspaces/Automata_SSM_Learning/TestSet/benchmarks/tlsf_3/tsl_paper/SliderDefault.tlsf,10000,0,0.7044,0.0,0.0
/workspaces/Automata_SSM_Learning/TestSet/benchmarks/tlsf_3/tsl_paper/SliderDefault.tlsf,10000,100,0.225,0.8598,0.0
/workspaces/Automata_SSM_Learning/TestSet/benchmarks/tlsf_3/tsl_paper/SliderDefault.tlsf,10000,200,0.1554,0.8965,0.075
/workspaces/Automata_SSM_Learning/TestSet/benchmarks/tlsf_3/tsl_paper/SliderDefault.tlsf,10000,300,0.138,0.9058,0.098
/workspaces/Automata_SSM_Learning/TestSet/benchmarks/tlsf_3/tsl_paper/SliderDefault.tlsf,10000,400,0.1315,0.9108,0.131
/workspaces/Automata_SSM_Learning/TestSet/benchmarks/tlsf_3/tsl_paper/SliderDefault.tlsf,10000,500,0.1248,0.9063,0.1
/workspaces/Automata_SSM_Learning/TestSet/benchmarks/tlsf_3/tsl_paper/SliderDefault.tlsf,10000,600,0.1143,0.9061,0.092
/workspaces/Automata_SSM_Learning/TestSet/benchmarks/tlsf_3/tsl_paper/SliderDefault.tlsf,10000,700,0.0946,0.9066,0.088
/workspaces/Automata_SSM_Learning/TestSet/benchmarks/tlsf_3/tsl_paper/SliderDefault.tlsf,10000,800,0.0782,0.9363,0.253
/workspaces/Automata_SSM_Learning/TestSet/benchmarks/tlsf_3/tsl_paper/SliderDefault.tlsf,10000,900,0.0633,0.9607,0.512
/workspaces/Automata_SSM_Learning/TestSet/benchmarks/tlsf/ltl2dpa/ltl2dpa16.tlsf,10000,0,0.6568,0.8629,0.0
/workspaces/Automata_SSM_Learning/TestSet/benchmarks/tlsf/ltl2dpa/ltl2dpa16.tlsf,10000,100,0.1425,0.9257,0.415
/workspaces/Automata_SSM_Learning/TestSet/benchmarks/tlsf/ltl2dpa/ltl2dpa16.tlsf,10000,200,0.0968,0.9446,0.496
/workspaces/Automata_SSM_Learning/TestSet/benchmarks/tlsf/ltl2dpa/ltl2dpa16.tlsf,10000,300,0.0797,0.9515,0.551
/workspaces/Automata_SSM_Learning/TestSet/benchmarks/tlsf/ltl2dpa/ltl2dpa16.tlsf,10000,400,0.0707,0.9515,0.545
/workspaces/Automata_SSM_Learning/TestSet/benchmarks/tlsf/ltl2dpa/ltl2dpa16.tlsf,10000,500,0.0646,0.953,0.523
/workspaces/Automata_SSM_Learning/TestSet/benchmarks/tlsf/ltl2dpa/ltl2dpa16.tlsf,10000,600,0.0589,0.9543,0.529
/workspaces/Automata_SSM_Learning/TestSet/benchmarks/tlsf/ltl2dpa/ltl2dpa16.tlsf,10000,700,0.0511,0.9648,0.649
/workspaces/Automata_SSM_Learning/TestSet/benchmarks/tlsf/ltl2dpa/ltl2dpa16.tlsf,10000,800,0.0296,0.9833,0.762
/workspaces/Automata_SSM_Learning/TestSet/benchmarks/tlsf/ltl2dpa/ltl2dpa16.tlsf,10000,900,0.0174,0.9934,0.88
/workspaces/Automata_SSM_Learning/TestSet/benchmarks/tlsf/lily/lilydemo09.tlsf,10000,0,0.7466,0.077,0.0
/workspaces/Automata_SSM_Learning/TestSet/benchmarks/tlsf/lily/lilydemo09.tlsf,10000,100,0.0931,0.9607,0.379
/workspaces/Automata_SSM_Learning/TestSet/benchmarks/tlsf/lily/lilydemo09.tlsf,10000,200,0.0556,0.9742,0.492
/workspaces/Automata_SSM_Learning/TestSet/benchmarks/tlsf/lily/lilydemo09.tlsf,10000,300,0.0442,0.9749,0.501
/workspaces/Automata_SSM_Learning/TestSet/benchmarks/tlsf/lily/lilydemo09.tlsf,10000,400,0.0359,0.9989,0.985
/workspaces/Automata_SSM_Learning/TestSet/benchmarks/tlsf/lily/lilydemo09.tlsf,10000,500,0.0258,0.9996,0.994
/workspaces/Automata_SSM_Learning/TestSet/benchmarks/tlsf/lily/lilydemo09.tlsf,10000,600,0.015,0.9999,0.998
/workspaces/Automata_SSM_Learning/TestSet/benchmarks/tlsf/lily/lilydemo09.tlsf,10000,700,0.0069,1.0,1.0
/workspaces/Automata_SSM_Learning/TestSet/benchmarks/tlsf_3/tsl_paper/SPIWriteManag.tlsf,10000,0,0.7032,0.0,0.0
/workspaces/Automata_SSM_Learning/TestSet/benchmarks/tlsf_3/tsl_paper/SPIWriteManag.tlsf,10000,100,0.4615,0.0667,0.0
/workspaces/Automata_SSM_Learning/TestSet/benchmarks/tlsf_3/tsl_paper/SPIWriteManag.tlsf,10000,200,0.2814,0.3424,0.0
/workspaces/Automata_SSM_Learning/TestSet/benchmarks/tlsf_3/tsl_paper/SPIWriteManag.tlsf,10000,300,0.193,0.647,0.001
/workspaces/Automata_SSM_Learning/TestSet/benchmarks/tlsf_3/tsl_paper/SPIWriteManag.tlsf,10000,400,0.15,0.7957,0.011
/workspaces/Automata_SSM_Learning/TestSet/benchmarks/tlsf_3/tsl_paper/SPIWriteManag.tlsf,10000,500,0.1238,0.8354,0.031
/workspaces/Automata_SSM_Learning/TestSet/benchmarks/tlsf_3/tsl_paper/SPIWriteManag.tlsf,10000,600,0.1069,0.8658,0.058
/workspaces/Automata_SSM_Learning/TestSet/benchmarks/tlsf_3/tsl_paper/SPIWriteManag.tlsf,10000,700,0.0971,0.8931,0.098
/workspaces/Automata_SSM_Learning/TestSet/benchmarks/tlsf_3/tsl_paper/SPIWriteManag.tlsf,10000,800,0.0917,0.8944,0.101
/workspaces/Automata_SSM_Learning/TestSet/benchmarks/tlsf_3/tsl_paper/SPIWriteManag.tlsf,10000,900,0.0884,0.8949,0.101
/workspaces/Automata_SSM_Learning/TestSet/benchmarks/tlsf_3/tsl_paper/MusicAppMotivating.tlsf,10000,0,0.6839,0.3965,0.0
/workspaces/Automata_SSM_Learning/TestSet/benchmarks/tlsf_3/tsl_paper/MusicAppMotivating.tlsf,10000,100,0.4143,0.4004,0.0
/workspaces/Automata_SSM_Learning/TestSet/benchmarks/tlsf_3/tsl_paper/MusicAppMotivating.tlsf,10000,200,0.2603,0.6878,0.001
/workspaces/Automata_SSM_Learning/TestSet/benchmarks/tlsf_3/tsl_paper/MusicAppMotivating.tlsf,10000,300,0.2179,0.7298,0.004
/workspaces/Automata_SSM_Learning/TestSet/benchmarks/tlsf_3/tsl_paper/MusicAppMotivating.tlsf,10000,400,0.1942,0.7841,0.005
/workspaces/Automata_SSM_Learning/TestSet/benchmarks/tlsf_3/tsl_paper/MusicAppMotivating.tlsf,10000,500,0.1778,0.8014,0.011
/workspaces/Automata_SSM_Learning/TestSet/benchmarks/tlsf_3/tsl_paper/MusicAppMotivating.tlsf,10000,600,0.1671,0.8112,0.016
/workspaces/Automata_SSM_Learning/TestSet/benchmarks/tlsf_3/tsl_paper/MusicAppMotivating.tlsf,10000,700,0.1597,0.8176,0.019
/workspaces/Automata_SSM_Learning/TestSet/benchmarks/tlsf_3/tsl_paper/MusicAppMotivating.tlsf,10000,800,0.1529,0.8227,0.017
/workspaces/Automata_SSM_Learning/TestSet/benchmarks/tlsf_3/tsl_paper/MusicAppMotivating.tlsf,10000,900,0.1469,0.8299,0.021
/workspaces/Automata_SSM_Learning/TestSet/benchmarks/tlsf_3/tsl_paper/Gamemodule.tlsf,10000,0,0.7067,0.0,0.0
/workspaces/Automata_SSM_Learning/TestSet/benchmarks/tlsf_3/tsl_paper/Gamemodule.tlsf,10000,100,0.4497,0.1719,0.0
/workspaces/Automata_SSM_Learning/TestSet/benchmarks/tlsf_3/tsl_paper/Gamemodule.tlsf,10000,200,0.3057,0.626,0.0
/workspaces/Automata_SSM_Learning/TestSet/benchmarks/tlsf_3/tsl_paper/Gamemodule.tlsf,10000,300,0.2673,0.6587,0.001
/workspaces/Automata_SSM_Learning/TestSet/benchmarks/tlsf_3/tsl_paper/Gamemodule.tlsf,10000,400,0.2534,0.665,0.002
/workspaces/Automata_SSM_Learning/TestSet/benchmarks/tlsf_3/tsl_paper/Gamemodule.tlsf,10000,500,0.2482,0.665,0.002
/workspaces/Automata_SSM_Learning/TestSet/benchmarks/tlsf_3/tsl_paper/Gamemodule.tlsf,10000,600,0.2456,0.665,0.002
/workspaces/Automata_SSM_Learning/TestSet/benchmarks/tlsf_3/tsl_paper/Gamemodule.tlsf,10000,700,0.2441,0.665,0.002
/workspaces/Automata_SSM_Learning/TestSet/benchmarks/tlsf_3/tsl_paper/Gamemodule.tlsf,10000,800,0.2433,0.665,0.002
/workspaces/Automata_SSM_Learning/TestSet/benchmarks/tlsf_3/tsl_paper/Gamemodule.tlsf,10000,900,0.2427,0.665,0.002
/workspaces/Automata_SSM_Learning/TestSet/benchmarks/tlsf/lily/lilydemo23.tlsf,10000,0,0.6966,0.5696,0.0
/workspaces/Automata_SSM_Learning/TestSet/benchmarks/tlsf/lily/lilydemo23.tlsf,10000,100,0.1276,0.975,0.748
/workspaces/Automata_SSM_Learning/TestSet/benchmarks/tlsf/lily/lilydemo23.tlsf,10000,200,0.0381,1.0,1.0
/workspaces/Automata_SSM_Learning/TestSet/benchmarks/tlsf_3/tsl_paper/EscalatorBidirectional.tlsf,10000,0,0.6992,0.0,0.0
/workspaces/Automata_SSM_Learning/TestSet/benchmarks/tlsf_3/tsl_paper/EscalatorBidirectional.tlsf,10000,100,0.5017,0.0549,0.0
/workspaces/Automata_SSM_Learning/TestSet/benchmarks/tlsf_3/tsl_paper/EscalatorBidirectional.tlsf,10000,200,0.406,0.2582,0.0
/workspaces/Automata_SSM_Learning/TestSet/benchmarks/tlsf_3/tsl_paper/EscalatorBidirectional.tlsf,10000,300,0.348,0.4538,0.0
/workspaces/Automata_SSM_Learning/TestSet/benchmarks/tlsf_3/tsl_paper/EscalatorBidirectional.tlsf,10000,400,0.3074,0.5387,0.0
/workspaces/Automata_SSM_Learning/TestSet/benchmarks/tlsf_3/tsl_paper/EscalatorBidirectional.tlsf,10000,500,0.2796,0.5766,0.0
/workspaces/Automata_SSM_Learning/TestSet/benchmarks/tlsf_3/tsl_paper/EscalatorBidirectional.tlsf,10000,600,0.2631,0.5939,0.0
/workspaces/Automata_SSM_Learning/TestSet/benchmarks/tlsf_3/tsl_paper/EscalatorBidirectional.tlsf,10000,700,0.2524,0.6153,0.0
/workspaces/Automata_SSM_Learning/TestSet/benchmarks/tlsf_3/tsl_paper/EscalatorBidirectional.tlsf,10000,800,0.2446,0.6278,0.0
/workspaces/Automata_SSM_Learning/TestSet/benchmarks/tlsf_3/tsl_paper/EscalatorBidirectional.tlsf,10000,900,0.2384,0.6324,0.0
/workspaces/Automata_SSM_Learning/TestSet/benchmarks/tlsf/ltl2dpa/ltl2dpa14.tlsf,10000,0,0.6863,0.6294,0.0
/workspaces/Automata_SSM_Learning/TestSet/benchmarks/tlsf/ltl2dpa/ltl2dpa14.tlsf,10000,100,0.4562,0.6238,0.0
/workspaces/Automata_SSM_Learning/TestSet/benchmarks/tlsf/ltl2dpa/ltl2dpa14.tlsf,10000,200,0.0806,0.9801,0.741
/workspaces/Automata_SSM_Learning/TestSet/benchmarks/tlsf/ltl2dpa/ltl2dpa14.tlsf,10000,300,0.0278,1.0,1.0
/workspaces/Automata_SSM_Learning/TestSet/benchmarks/tlsf/ltl2dpa/ltl2dpa23.tlsf,10000,0,0.6913,0.0,0.0
/workspaces/Automata_SSM_Learning/TestSet/benchmarks/tlsf/ltl2dpa/ltl2dpa23.tlsf,10000,100,0.2153,0.9577,0.58
/workspaces/Automata_SSM_Learning/TestSet/benchmarks/tlsf/ltl2dpa/ltl2dpa23.tlsf,10000,200,0.0148,1.0,1.0
/workspaces/Automata_SSM_Learning/TestSet/benchmarks/tlsf/arbiters_s4/parametric/example7.tlsf,10000,0,0.695,0.2788,0.0
/workspaces/Automata_SSM_Learning/TestSet/benchmarks/tlsf/arbiters_s4/parametric/example7.tlsf,10000,100,0.02,1.0,1.0
/workspaces/Automata_SSM_Learning/TestSet/benchmarks/tlsf_4/elevator-paper-real.tlsf,10000,0,0.7292,0.0,0.0
/workspaces/Automata_SSM_Learning/TestSet/benchmarks/tlsf_4/elevator-paper-real.tlsf,10000,100,0.3551,0.7501,0.008
/workspaces/Automata_SSM_Learning/TestSet/benchmarks/tlsf_4/elevator-paper-real.tlsf,10000,200,0.2787,0.7501,0.008
/workspaces/Automata_SSM_Learning/TestSet/benchmarks/tlsf_4/elevator-paper-real.tlsf,10000,300,0.2281,0.8032,0.024
/workspaces/Automata_SSM_Learning/TestSet/benchmarks/tlsf_4/elevator-paper-real.tlsf,10000,400,0.2163,0.8018,0.019
/workspaces/Automata_SSM_Learning/TestSet/benchmarks/tlsf_4/elevator-paper-real.tlsf,10000,500,0.2082,0.804,0.019
/workspaces/Automata_SSM_Learning/TestSet/benchmarks/tlsf_4/elevator-paper-real.tlsf,10000,600,0.2008,0.8071,0.022
/workspaces/Automata_SSM_Learning/TestSet/benchmarks/tlsf_4/elevator-paper-real.tlsf,10000,700,0.1946,0.8065,0.021
/workspaces/Automata_SSM_Learning/TestSet/benchmarks/tlsf_4/elevator-paper-real.tlsf,10000,800,0.1879,0.8044,0.019
/workspaces/Automata_SSM_Learning/TestSet/benchmarks/tlsf_4/elevator-paper-real.tlsf,10000,900,0.1812,0.805,0.028
/workspaces/Automata_SSM_Learning/TestSet/benchmarks/tlsf_4/diagonal-real.tlsf,10000,0,0.7017,0.2704,0.0
/workspaces/Automata_SSM_Learning/TestSet/benchmarks/tlsf_4/diagonal-real.tlsf,10000,100,0.3976,0.7709,0.009
/workspaces/Automata_SSM_Learning/TestSet/benchmarks/tlsf_4/diagonal-real.tlsf,10000,200,0.1836,0.8469,0.043
/workspaces/Automata_SSM_Learning/TestSet/benchmarks/tlsf_4/diagonal-real.tlsf,10000,300,0.1255,0.8646,0.057
/workspaces/Automata_SSM_Learning/TestSet/benchmarks/tlsf_4/diagonal-real.tlsf,10000,400,0.1088,0.8664,0.052
/workspaces/Automata_SSM_Learning/TestSet/benchmarks/tlsf_4/diagonal-real.tlsf,10000,500,0.0999,0.8664,0.056
/workspaces/Automata_SSM_Learning/TestSet/benchmarks/tlsf_4/diagonal-real.tlsf,10000,600,0.0959,0.8763,0.077
/workspaces/Automata_SSM_Learning/TestSet/benchmarks/tlsf_4/diagonal-real.tlsf,10000,700,0.0937,0.8763,0.068
/workspaces/Automata_SSM_Learning/TestSet/benchmarks/tlsf_4/diagonal-real.tlsf,10000,800,0.0922,0.8762,0.072
/workspaces/Automata_SSM_Learning/TestSet/benchmarks/tlsf_4/diagonal-real.tlsf,10000,900,0.0911,0.8748,0.074
/workspaces/Automata_SSM_Learning/TestSet/benchmarks/tlsf_3/tsl_paper/SensorPart.tlsf,10000,0,0.6827,0.0,0.0
/workspaces/Automata_SSM_Learning/TestSet/benchmarks/tlsf_3/tsl_paper/SensorPart.tlsf,10000,100,0.245,0.4996,0.0
/workspaces/Automata_SSM_Learning/TestSet/benchmarks/tlsf_3/tsl_paper/SensorPart.tlsf,10000,200,0.2363,0.4996,0.0
/workspaces/Automata_SSM_Learning/TestSet/benchmarks/tlsf_3/tsl_paper/SensorPart.tlsf,10000,300,0.2292,0.4996,0.0
/workspaces/Automata_SSM_Learning/TestSet/benchmarks/tlsf_3/tsl_paper/SensorPart.tlsf,10000,400,0.2141,0.425,0.0
/workspaces/Automata_SSM_Learning/TestSet/benchmarks/tlsf_3/tsl_paper/SensorPart.tlsf,10000,500,0.2037,0.425,0.0
/workspaces/Automata_SSM_Learning/TestSet/benchmarks/tlsf_3/tsl_paper/SensorPart.tlsf,10000,600,0.196,0.425,0.0
/workspaces/Automata_SSM_Learning/TestSet/benchmarks/tlsf_3/tsl_paper/SensorPart.tlsf,10000,700,0.1882,0.425,0.0
/workspaces/Automata_SSM_Learning/TestSet/benchmarks/tlsf_3/tsl_paper/SensorPart.tlsf,10000,800,0.1829,0.425,0.0
/workspaces/Automata_SSM_Learning/TestSet/benchmarks/tlsf_3/tsl_paper/SensorPart.tlsf,10000,900,0.1788,0.4506,0.0
/workspaces/Automata_SSM_Learning/TestSet/benchmarks/tlsf_3/tsl_paper/SPIWriteSdi.tlsf,10000,0,0.7058,0.0,0.0
/workspaces/Automata_SSM_Learning/TestSet/benchmarks/tlsf_3/tsl_paper/SPIWriteSdi.tlsf,10000,100,0.3952,0.1984,0.0
/workspaces/Automata_SSM_Learning/TestSet/benchmarks/tlsf_3/tsl_paper/SPIWriteSdi.tlsf,10000,200,0.2401,0.7291,0.001
/workspaces/Automata_SSM_Learning/TestSet/benchmarks/tlsf_3/tsl_paper/SPIWriteSdi.tlsf,10000,300,0.1921,0.7421,0.001
/workspaces/Automata_SSM_Learning/TestSet/benchmarks/tlsf_3/tsl_paper/SPIWriteSdi.tlsf,10000,400,0.1783,0.7607,0.003
/workspaces/Automata_SSM_Learning/TestSet/benchmarks/tlsf_3/tsl_paper/SPIWriteSdi.tlsf,10000,500,0.1722,0.7709,0.002
/workspaces/Automata_SSM_Learning/TestSet/benchmarks/tlsf_3/tsl_paper/SPIWriteSdi.tlsf,10000,600,0.1687,0.772,0.002
/workspaces/Automata_SSM_Learning/TestSet/benchmarks/tlsf_3/tsl_paper/SPIWriteSdi.tlsf,10000,700,0.1667,0.7726,0.002
/workspaces/Automata_SSM_Learning/TestSet/benchmarks/tlsf_3/tsl_paper/SPIWriteSdi.tlsf,10000,800,0.1654,0.7741,0.002
/workspaces/Automata_SSM_Learning/TestSet/benchmarks/tlsf_3/tsl_paper/SPIWriteSdi.tlsf,10000,900,0.1644,0.7738,0.003
/workspaces/Automata_SSM_Learning/TestSet/benchmarks/tlsf/lily/lilydemo22.tlsf,10000,0,0.6863,0.5611,0.0
/workspaces/Automata_SSM_Learning/TestSet/benchmarks/tlsf/lily/lilydemo22.tlsf,10000,100,0.5046,0.7382,0.002
/workspaces/Automata_SSM_Learning/TestSet/benchmarks/tlsf/lily/lilydemo22.tlsf,10000,200,0.4117,0.812,0.027
/workspaces/Automata_SSM_Learning/TestSet/benchmarks/tlsf/lily/lilydemo22.tlsf,10000,300,0.3729,0.8369,0.043
/workspaces/Automata_SSM_Learning/TestSet/benchmarks/tlsf/lily/lilydemo22.tlsf,10000,400,0.31,0.873,0.098
/workspaces/Automata_SSM_Learning/TestSet/benchmarks/tlsf/lily/lilydemo22.tlsf,10000,500,0.2544,0.9029,0.177
/workspaces/Automata_SSM_Learning/TestSet/benchmarks/tlsf/lily/lilydemo22.tlsf,10000,600,0.2155,0.9212,0.276
/workspaces/Automata_SSM_Learning/TestSet/benchmarks/tlsf/lily/lilydemo22.tlsf,10000,700,0.1943,0.9297,0.349
/workspaces/Automata_SSM_Learning/TestSet/benchmarks/tlsf/lily/lilydemo22.tlsf,10000,800,0.1811,0.9344,0.397
/workspaces/Automata_SSM_Learning/TestSet/benchmarks/tlsf/lily/lilydemo22.tlsf,10000,900,0.1722,0.9342,0.406
/workspaces/Automata_SSM_Learning/TestSet/benchmarks/tlsf_2/sweap/storage-GF-64-real.tlsf,10000,0,0.6727,0.7889,0.0
/workspaces/Automata_SSM_Learning/TestSet/benchmarks/tlsf_2/sweap/storage-GF-64-real.tlsf,10000,100,0.0967,0.9843,0.728
/workspaces/Automata_SSM_Learning/TestSet/benchmarks/tlsf_2/sweap/storage-GF-64-real.tlsf,10000,200,0.052,0.9849,0.738
/workspaces/Automata_SSM_Learning/TestSet/benchmarks/tlsf_2/sweap/storage-GF-64-real.tlsf,10000,300,0.0447,0.9885,0.798
/workspaces/Automata_SSM_Learning/TestSet/benchmarks/tlsf_2/sweap/storage-GF-64-real.tlsf,10000,400,0.039,0.9896,0.815
/workspaces/Automata_SSM_Learning/TestSet/benchmarks/tlsf_2/sweap/storage-GF-64-real.tlsf,10000,500,0.0329,0.9906,0.831
/workspaces/Automata_SSM_Learning/TestSet/benchmarks/tlsf_2/sweap/storage-GF-64-real.tlsf,10000,600,0.0273,0.9904,0.825
/workspaces/Automata_SSM_Learning/TestSet/benchmarks/tlsf_2/sweap/storage-GF-64-real.tlsf,10000,700,0.0222,0.9939,0.884
/workspaces/Automata_SSM_Learning/TestSet/benchmarks/tlsf_2/sweap/storage-GF-64-real.tlsf,10000,800,0.018,0.9944,0.894
/workspaces/Automata_SSM_Learning/TestSet/benchmarks/tlsf_2/sweap/storage-GF-64-real.tlsf,10000,900,0.0152,0.996,0.923
/workspaces/Automata_SSM_Learning/TestSet/benchmarks/tlsf_3/tsl_paper/MusicAppSimple.tlsf,10000,0,0.6903,0.3514,0.0
/workspaces/Automata_SSM_Learning/TestSet/benchmarks/tlsf_3/tsl_paper/MusicAppSimple.tlsf,10000,100,0.3999,0.425,0.0
/workspaces/Automata_SSM_Learning/TestSet/benchmarks/tlsf_3/tsl_paper/MusicAppSimple.tlsf,10000,200,0.252,0.7109,0.001
/workspaces/Automata_SSM_Learning/TestSet/benchmarks/tlsf_3/tsl_paper/MusicAppSimple.tlsf,10000,300,0.1804,0.8166,0.023
/workspaces/Automata_SSM_Learning/TestSet/benchmarks/tlsf_3/tsl_paper/MusicAppSimple.tlsf,10000,400,0.1508,0.8349,0.039
/workspaces/Automata_SSM_Learning/TestSet/benchmarks/tlsf_3/tsl_paper/MusicAppSimple.tlsf,10000,500,0.136,0.8358,0.036
/workspaces/Automata_SSM_Learning/TestSet/benchmarks/tlsf_3/tsl_paper/MusicAppSimple.tlsf,10000,600,0.1273,0.8371,0.037
/workspaces/Automata_SSM_Learning/TestSet/benchmarks/tlsf_3/tsl_paper/MusicAppSimple.tlsf,10000,700,0.1221,0.8385,0.036
/workspaces/Automata_SSM_Learning/TestSet/benchmarks/tlsf_3/tsl_paper/MusicAppSimple.tlsf,10000,800,0.1191,0.8384,0.029
/workspaces/Automata_SSM_Learning/TestSet/benchmarks/tlsf_3/tsl_paper/MusicAppSimple.tlsf,10000,900,0.1173,0.8387,0.03
/workspaces/Automata_SSM_Learning/TestSet/benchmarks/tlsf/parametric/abcg_arbiter.tlsf,10000,0,0.6949,0.1643,0.0
/workspaces/Automata_SSM_Learning/TestSet/benchmarks/tlsf/parametric/abcg_arbiter.tlsf,10000,100,0.4375,0.3726,0.0
/workspaces/Automata_SSM_Learning/TestSet/benchmarks/tlsf/parametric/abcg_arbiter.tlsf,10000,200,0.4125,0.3726,0.0
/workspaces/Automata_SSM_Learning/TestSet/benchmarks/tlsf/parametric/abcg_arbiter.tlsf,10000,300,0.1361,0.985,0.733
/workspaces/Automata_SSM_Learning/TestSet/benchmarks/tlsf/parametric/abcg_arbiter.tlsf,10000,400,0.0411,1.0,1.0
/workspaces/Automata_SSM_Learning/TestSet/benchmarks/tlsf/ltl2dba/non_parametric_from_acacia/ltl2dba12.tlsf,10000,0,0.6988,0.8846,0.0
/workspaces/Automata_SSM_Learning/TestSet/benchmarks/tlsf/ltl2dba/non_parametric_from_acacia/ltl2dba12.tlsf,10000,100,0.157,0.9506,0.501
/workspaces/Automata_SSM_Learning/TestSet/benchmarks/tlsf/ltl2dba/non_parametric_from_acacia/ltl2dba12.tlsf,10000,200,0.1064,0.9702,0.553
/workspaces/Automata_SSM_Learning/TestSet/benchmarks/tlsf/ltl2dba/non_parametric_from_acacia/ltl2dba12.tlsf,10000,300,0.0922,0.9691,0.549
/workspaces/Automata_SSM_Learning/TestSet/benchmarks/tlsf/ltl2dba/non_parametric_from_acacia/ltl2dba12.tlsf,10000,400,0.0845,0.9685,0.538
/workspaces/Automata_SSM_Learning/TestSet/benchmarks/tlsf/ltl2dba/non_parametric_from_acacia/ltl2dba12.tlsf,10000,500,0.0583,0.9759,0.589
/workspaces/Automata_SSM_Learning/TestSet/benchmarks/tlsf/ltl2dba/non_parametric_from_acacia/ltl2dba12.tlsf,10000,600,0.0313,0.9861,0.748
/workspaces/Automata_SSM_Learning/TestSet/benchmarks/tlsf/ltl2dba/non_parametric_from_acacia/ltl2dba12.tlsf,10000,700,0.0251,0.9891,0.827
/workspaces/Automata_SSM_Learning/TestSet/benchmarks/tlsf/ltl2dba/non_parametric_from_acacia/ltl2dba12.tlsf,10000,800,0.0234,0.9899,0.842
/workspaces/Automata_SSM_Learning/TestSet/benchmarks/tlsf/ltl2dba/non_parametric_from_acacia/ltl2dba12.tlsf,10000,900,0.0228,0.9899,0.842
/workspaces/Automata_SSM_Learning/TestSet/benchmarks/tlsf_4/chain-simple-10-real.tlsf,10000,0,0.6867,0.2089,0.0
/workspaces/Automata_SSM_Learning/TestSet/benchmarks/tlsf_4/chain-simple-10-real.tlsf,10000,100,0.2582,0.7912,0.004
/workspaces/Automata_SSM_Learning/TestSet/benchmarks/tlsf_4/chain-simple-10-real.tlsf,10000,200,0.1861,0.7912,0.004
/workspaces/Automata_SSM_Learning/TestSet/benchmarks/tlsf_4/chain-simple-10-real.tlsf,10000,300,0.1177,0.898,0.097
/workspaces/Automata_SSM_Learning/TestSet/benchmarks/tlsf_4/chain-simple-10-real.tlsf,10000,400,0.0727,0.9708,0.574
/workspaces/Automata_SSM_Learning/TestSet/benchmarks/tlsf_4/chain-simple-10-real.tlsf,10000,500,0.0331,0.9927,0.875
/workspaces/Automata_SSM_Learning/TestSet/benchmarks/tlsf_4/chain-simple-10-real.tlsf,10000,600,0.0198,0.9941,0.9
/workspaces/Automata_SSM_Learning/TestSet/benchmarks/tlsf_4/chain-simple-10-real.tlsf,10000,700,0.0141,0.9951,0.916
/workspaces/Automata_SSM_Learning/TestSet/benchmarks/tlsf_4/chain-simple-10-real.tlsf,10000,800,0.0111,0.9964,0.941
/workspaces/Automata_SSM_Learning/TestSet/benchmarks/tlsf_4/chain-simple-10-real.tlsf,10000,900,0.0093,0.997,0.948
/workspaces/Automata_SSM_Learning/TestSet/benchmarks/tlsf_2/sweap/solitary-real.tlsf,10000,0,0.6996,0.3356,0.0
/workspaces/Automata_SSM_Learning/TestSet/benchmarks/tlsf_2/sweap/solitary-real.tlsf,10000,100,0.0801,0.9873,0.776
/workspaces/Automata_SSM_Learning/TestSet/benchmarks/tlsf_2/sweap/solitary-real.tlsf,10000,200,0.025,0.9935,0.878
/workspaces/Automata_SSM_Learning/TestSet/benchmarks/tlsf_2/sweap/solitary-real.tlsf,10000,300,0.0149,0.9968,0.936
/workspaces/Automata_SSM_Learning/TestSet/benchmarks/tlsf_2/sweap/solitary-real.tlsf,10000,400,0.0103,0.9971,0.944
/workspaces/Automata_SSM_Learning/TestSet/benchmarks/tlsf_2/sweap/solitary-real.tlsf,10000,500,0.0077,0.9972,0.945
/workspaces/Automata_SSM_Learning/TestSet/benchmarks/tlsf_2/sweap/solitary-real.tlsf,10000,600,0.006,0.999,0.981
/workspaces/Automata_SSM_Learning/TestSet/benchmarks/tlsf_2/sweap/solitary-real.tlsf,10000,700,0.0049,0.9996,0.992
/workspaces/Automata_SSM_Learning/TestSet/benchmarks/tlsf_2/sweap/solitary-real.tlsf,10000,800,0.0041,0.9996,0.992
/workspaces/Automata_SSM_Learning/TestSet/benchmarks/tlsf_2/sweap/solitary-real.tlsf,10000,900,0.0035,0.9996,0.992
/workspaces/Automata_SSM_Learning/TestSet/benchmarks/tlsf/ltl2dpa/ltl2dpa04.tlsf,10000,0,0.678,0.05,0.0
/workspaces/Automata_SSM_Learning/TestSet/benchmarks/tlsf/ltl2dpa/ltl2dpa04.tlsf,10000,100,0.1235,0.9476,0.644
/workspaces/Automata_SSM_Learning/TestSet/benchmarks/tlsf/ltl2dpa/ltl2dpa04.tlsf,10000,200,0.0557,0.9858,0.898
/workspaces/Automata_SSM_Learning/TestSet/benchmarks/tlsf/ltl2dpa/ltl2dpa04.tlsf,10000,300,0.0205,0.9997,0.996
/workspaces/Automata_SSM_Learning/TestSet/benchmarks/tlsf/ltl2dpa/ltl2dpa04.tlsf,10000,400,0.0107,1.0,1.0
/workspaces/Automata_SSM_Learning/TestSet/benchmarks/tlsf/lily/lilydemo10.tlsf,10000,0,0.6926,0.0,0.0
/workspaces/Automata_SSM_Learning/TestSet/benchmarks/tlsf/lily/lilydemo10.tlsf,10000,100,0.0219,1.0,1.0
/workspaces/Automata_SSM_Learning/TestSet/benchmarks/tlsf/ltl2dba/parametric/ltl2dba_beta.tlsf,10000,0,0.708,0.1666,0.0
/workspaces/Automata_SSM_Learning/TestSet/benchmarks/tlsf/ltl2dba/parametric/ltl2dba_beta.tlsf,10000,100,0.1846,0.946,0.425
/workspaces/Automata_SSM_Learning/TestSet/benchmarks/tlsf/ltl2dba/parametric/ltl2dba_beta.tlsf,10000,200,0.1418,0.9516,0.349
/workspaces/Automata_SSM_Learning/TestSet/benchmarks/tlsf/ltl2dba/parametric/ltl2dba_beta.tlsf,10000,300,0.1156,0.9563,0.419
/workspaces/Automata_SSM_Learning/TestSet/benchmarks/tlsf/ltl2dba/parametric/ltl2dba_beta.tlsf,10000,400,0.1017,0.961,0.51
/workspaces/Automata_SSM_Learning/TestSet/benchmarks/tlsf/ltl2dba/parametric/ltl2dba_beta.tlsf,10000,500,0.0936,0.9633,0.553
/workspaces/Automata_SSM_Learning/TestSet/benchmarks/tlsf/ltl2dba/parametric/ltl2dba_beta.tlsf,10000,600,0.0864,0.9647,0.576
/workspaces/Automata_SSM_Learning/TestSet/benchmarks/tlsf/ltl2dba/parametric/ltl2dba_beta.tlsf,10000,700,0.0797,0.9667,0.596
/workspaces/Automata_SSM_Learning/TestSet/benchmarks/tlsf/ltl2dba/parametric/ltl2dba_beta.tlsf,10000,800,0.0726,0.9695,0.613
/workspaces/Automata_SSM_Learning/TestSet/benchmarks/tlsf/ltl2dba/parametric/ltl2dba_beta.tlsf,10000,900,0.0695,0.9707,0.625
/workspaces/Automata_SSM_Learning/TestSet/benchmarks/tlsf_3/tsl_paper/TorcsSteeringImproved.tlsf,10000,0,0.6668,0.0,0.0
/workspaces/Automata_SSM_Learning/TestSet/benchmarks/tlsf_3/tsl_paper/TorcsSteeringImproved.tlsf,10000,100,0.3534,0.4422,0.0
/workspaces/Automata_SSM_Learning/TestSet/benchmarks/tlsf_3/tsl_paper/TorcsSteeringImproved.tlsf,10000,200,0.2789,0.5033,0.0
/workspaces/Automata_SSM_Learning/TestSet/benchmarks/tlsf_3/tsl_paper/TorcsSteeringImproved.tlsf,10000,300,0.2146,0.5137,0.0
/workspaces/Automata_SSM_Learning/TestSet/benchmarks/tlsf_3/tsl_paper/TorcsSteeringImproved.tlsf,10000,400,0.1924,0.5348,0.0
/workspaces/Automata_SSM_Learning/TestSet/benchmarks/tlsf_3/tsl_paper/TorcsSteeringImproved.tlsf,10000,500,0.1843,0.5435,0.0
/workspaces/Automata_SSM_Learning/TestSet/benchmarks/tlsf_3/tsl_paper/TorcsSteeringImproved.tlsf,10000,600,0.1787,0.5455,0.0
/workspaces/Automata_SSM_Learning/TestSet/benchmarks/tlsf_3/tsl_paper/TorcsSteeringImproved.tlsf,10000,700,0.1745,0.5468,0.0
/workspaces/Automata_SSM_Learning/TestSet/benchmarks/tlsf_3/tsl_paper/TorcsSteeringImproved.tlsf,10000,800,0.1711,0.5469,0.0
/workspaces/Automata_SSM_Learning/TestSet/benchmarks/tlsf_3/tsl_paper/TorcsSteeringImproved.tlsf,10000,900,0.1682,0.5469,0.0
/workspaces/Automata_SSM_Learning/TestSet/benchmarks/tlsf_4/gf-real-real.tlsf,10000,0,0.6815,0.8421,0.02
/workspaces/Automata_SSM_Learning/TestSet/benchmarks/tlsf_4/gf-real-real.tlsf,10000,100,0.3792,0.8421,0.02
/workspaces/Automata_SSM_Learning/TestSet/benchmarks/tlsf_4/gf-real-real.tlsf,10000,200,0.3093,0.8557,0.036
/workspaces/Automata_SSM_Learning/TestSet/benchmarks/tlsf_4/gf-real-real.tlsf,10000,300,0.2887,0.8685,0.055
/workspaces/Automata_SSM_Learning/TestSet/benchmarks/tlsf_4/gf-real-real.tlsf,10000,400,0.2734,0.8769,0.067
/workspaces/Automata_SSM_Learning/TestSet/benchmarks/tlsf_4/gf-real-real.tlsf,10000,500,0.255,0.8852,0.094
/workspaces/Automata_SSM_Learning/TestSet/benchmarks/tlsf_4/gf-real-real.tlsf,10000,600,0.2395,0.8904,0.102
/workspaces/Automata_SSM_Learning/TestSet/benchmarks/tlsf_4/gf-real-real.tlsf,10000,700,0.2281,0.9006,0.127
/workspaces/Automata_SSM_Learning/TestSet/benchmarks/tlsf_4/gf-real-real.tlsf,10000,800,0.2147,0.9093,0.154
/workspaces/Automata_SSM_Learning/TestSet/benchmarks/tlsf_4/gf-real-real.tlsf,10000,900,0.2015,0.9142,0.174
/workspaces/Automata_SSM_Learning/TestSet/benchmarks/tlsf_3/tsl_paper/KitchenTimerV10.tlsf,10000,0,0.7024,0.0,0.0
/workspaces/Automata_SSM_Learning/TestSet/benchmarks/tlsf_3/tsl_paper/KitchenTimerV10.tlsf,10000,100,0.347,0.0,0.0
/workspaces/Automata_SSM_Learning/TestSet/benchmarks/tlsf_3/tsl_paper/KitchenTimerV10.tlsf,10000,200,0.325,0.0,0.0
/workspaces/Automata_SSM_Learning/TestSet/benchmarks/tlsf_3/tsl_paper/KitchenTimerV10.tlsf,10000,300,0.2788,0.2507,0.0
/workspaces/Automata_SSM_Learning/TestSet/benchmarks/tlsf_3/tsl_paper/KitchenTimerV10.tlsf,10000,400,0.2219,0.519,0.0
/workspaces/Automata_SSM_Learning/TestSet/benchmarks/tlsf_3/tsl_paper/KitchenTimerV10.tlsf,10000,500,0.1807,0.549,0.0
/workspaces/Automata_SSM_Learning/TestSet/benchmarks/tlsf_3/tsl_paper/KitchenTimerV10.tlsf,10000,600,0.1497,0.6149,0.0
/workspaces/Automata_SSM_Learning/TestSet/benchmarks/tlsf_3/tsl_paper/KitchenTimerV10.tlsf,10000,700,0.1288,0.7145,0.005
/workspaces/Automata_SSM_Learning/TestSet/benchmarks/tlsf_3/tsl_paper/KitchenTimerV10.tlsf,10000,800,0.1148,0.7482,0.016
/workspaces/Automata_SSM_Learning/TestSet/benchmarks/tlsf_3/tsl_paper/KitchenTimerV10.tlsf,10000,900,0.1031,0.7668,0.021
/workspaces/Automata_SSM_Learning/TestSet/benchmarks/tlsf_3/tsl_paper/KitchenTimerV4.tlsf,10000,0,0.7067,0.0,0.0
/workspaces/Automata_SSM_Learning/TestSet/benchmarks/tlsf_3/tsl_paper/KitchenTimerV4.tlsf,10000,100,0.4029,0.0,0.0
/workspaces/Automata_SSM_Learning/TestSet/benchmarks/tlsf_3/tsl_paper/KitchenTimerV4.tlsf,10000,200,0.3551,0.2245,0.0
/workspaces/Automata_SSM_Learning/TestSet/benchmarks/tlsf_3/tsl_paper/KitchenTimerV4.tlsf,10000,300,0.2704,0.4812,0.0
/workspaces/Automata_SSM_Learning/TestSet/benchmarks/tlsf_3/tsl_paper/KitchenTimerV4.tlsf,10000,400,0.229,0.5647,0.0
/workspaces/Automata_SSM_Learning/TestSet/benchmarks/tlsf_3/tsl_paper/KitchenTimerV4.tlsf,10000,500,0.2073,0.671,0.005
/workspaces/Automata_SSM_Learning/TestSet/benchmarks/tlsf_3/tsl_paper/KitchenTimerV4.tlsf,10000,600,0.1932,0.6688,0.005
/workspaces/Automata_SSM_Learning/TestSet/benchmarks/tlsf_3/tsl_paper/KitchenTimerV4.tlsf,10000,700,0.1821,0.6827,0.006
/workspaces/Automata_SSM_Learning/TestSet/benchmarks/tlsf_3/tsl_paper/KitchenTimerV4.tlsf,10000,800,0.1718,0.6921,0.004
/workspaces/Automata_SSM_Learning/TestSet/benchmarks/tlsf_3/tsl_paper/KitchenTimerV4.tlsf,10000,900,0.1614,0.7062,0.005
/workspaces/Automata_SSM_Learning/TestSet/benchmarks/tlsf_2/sweap/box-real.tlsf,10000,0,0.688,0.0665,0.0
/workspaces/Automata_SSM_Learning/TestSet/benchmarks/tlsf_2/sweap/box-real.tlsf,10000,100,0.2943,0.8206,0.014
/workspaces/Automata_SSM_Learning/TestSet/benchmarks/tlsf_2/sweap/box-real.tlsf,10000,200,0.1666,0.8776,0.052
/workspaces/Automata_SSM_Learning/TestSet/benchmarks/tlsf_2/sweap/box-real.tlsf,10000,300,0.0768,0.9412,0.271
/workspaces/Automata_SSM_Learning/TestSet/benchmarks/tlsf_2/sweap/box-real.tlsf,10000,400,0.0585,0.9449,0.294
/workspaces/Automata_SSM_Learning/TestSet/benchmarks/tlsf_2/sweap/box-real.tlsf,10000,500,0.0521,0.9461,0.292
/workspaces/Automata_SSM_Learning/TestSet/benchmarks/tlsf_2/sweap/box-real.tlsf,10000,600,0.0486,0.9458,0.29
/workspaces/Automata_SSM_Learning/TestSet/benchmarks/tlsf_2/sweap/box-real.tlsf,10000,700,0.0463,0.9466,0.301
/workspaces/Automata_SSM_Learning/TestSet/benchmarks/tlsf_2/sweap/box-real.tlsf,10000,800,0.0445,0.9468,0.307
/workspaces/Automata_SSM_Learning/TestSet/benchmarks/tlsf_2/sweap/box-real.tlsf,10000,900,0.0432,0.9466,0.303
/workspaces/Automata_SSM_Learning/TestSet/benchmarks/tlsf_4/chain-simple-70-real.tlsf,10000,0,0.7249,0.0,0.0
/workspaces/Automata_SSM_Learning/TestSet/benchmarks/tlsf_4/chain-simple-70-real.tlsf,10000,100,0.2526,0.8039,0.011
/workspaces/Automata_SSM_Learning/TestSet/benchmarks/tlsf_4/chain-simple-70-real.tlsf,10000,200,0.1606,0.8035,0.029
/workspaces/Automata_SSM_Learning/TestSet/benchmarks/tlsf_4/chain-simple-70-real.tlsf,10000,300,0.0998,0.9103,0.141
/workspaces/Automata_SSM_Learning/TestSet/benchmarks/tlsf_4/chain-simple-70-real.tlsf,10000,400,0.042,0.993,0.885
/workspaces/Automata_SSM_Learning/TestSet/benchmarks/tlsf_4/chain-simple-70-real.tlsf,10000,500,0.0212,0.9953,0.921
/workspaces/Automata_SSM_Learning/TestSet/benchmarks/tlsf_4/chain-simple-70-real.tlsf,10000,600,0.0146,0.9958,0.929
/workspaces/Automata_SSM_Learning/TestSet/benchmarks/tlsf_4/chain-simple-70-real.tlsf,10000,700,0.0113,0.9964,0.94
/workspaces/Automata_SSM_Learning/TestSet/benchmarks/tlsf_4/chain-simple-70-real.tlsf,10000,800,0.0094,0.997,0.947
/workspaces/Automata_SSM_Learning/TestSet/benchmarks/tlsf_4/chain-simple-70-real.tlsf,10000,900,0.0081,0.9972,0.951
/workspaces/Automata_SSM_Learning/TestSet/benchmarks/tlsf/ltl2dba/non_parametric_from_acacia/ltl2dba14.tlsf,10000,0,0.7285,0.0495,0.0
/workspaces/Automata_SSM_Learning/TestSet/benchmarks/tlsf/ltl2dba/non_parametric_from_acacia/ltl2dba14.tlsf,10000,100,0.1675,0.9506,0.506
/workspaces/Automata_SSM_Learning/TestSet/benchmarks/tlsf/ltl2dba/non_parametric_from_acacia/ltl2dba14.tlsf,10000,200,0.1355,0.9555,0.517
/workspaces/Automata_SSM_Learning/TestSet/benchmarks/tlsf/ltl2dba/non_parametric_from_acacia/ltl2dba14.tlsf,10000,300,0.0966,0.9573,0.552
/workspaces/Automata_SSM_Learning/TestSet/benchmarks/tlsf/ltl2dba/non_parametric_from_acacia/ltl2dba14.tlsf,10000,400,0.0747,0.9796,0.775
/workspaces/Automata_SSM_Learning/TestSet/benchmarks/tlsf/ltl2dba/non_parametric_from_acacia/ltl2dba14.tlsf,10000,500,0.0641,0.9804,0.771
/workspaces/Automata_SSM_Learning/TestSet/benchmarks/tlsf/ltl2dba/non_parametric_from_acacia/ltl2dba14.tlsf,10000,600,0.0608,0.9802,0.763
/workspaces/Automata_SSM_Learning/TestSet/benchmarks/tlsf/ltl2dba/non_parametric_from_acacia/ltl2dba14.tlsf,10000,700,0.0591,0.9812,0.772
/workspaces/Automata_SSM_Learning/TestSet/benchmarks/tlsf/ltl2dba/non_parametric_from_acacia/ltl2dba14.tlsf,10000,800,0.058,0.9823,0.787
/workspaces/Automata_SSM_Learning/TestSet/benchmarks/tlsf/ltl2dba/non_parametric_from_acacia/ltl2dba14.tlsf,10000,900,0.0572,0.9825,0.788
/workspaces/Automata_SSM_Learning/TestSet/benchmarks/tlsf/lily/lilydemo04.tlsf,10000,0,0.714,0.4033,0.0
/workspaces/Automata_SSM_Learning/TestSet/benchmarks/tlsf/lily/lilydemo04.tlsf,10000,100,0.4171,0.8102,0.049
/workspaces/Automata_SSM_Learning/TestSet/benchmarks/tlsf/lily/lilydemo04.tlsf,10000,200,0.1018,0.9858,0.859
/workspaces/Automata_SSM_Learning/TestSet/benchmarks/tlsf/lily/lilydemo04.tlsf,10000,300,0.0134,1.0,1.0
/workspaces/Automata_SSM_Learning/TestSet/benchmarks/tlsf_3/tsl_paper/EscalatorBidirectionalInit.tlsf,10000,0,0.6838,0.0,0.0
/workspaces/Automata_SSM_Learning/TestSet/benchmarks/tlsf_3/tsl_paper/EscalatorBidirectionalInit.tlsf,10000,100,0.4599,0.1112,0.0
/workspaces/Automata_SSM_Learning/TestSet/benchmarks/tlsf_3/tsl_paper/EscalatorBidirectionalInit.tlsf,10000,200,0.3672,0.1754,0.0
/workspaces/Automata_SSM_Learning/TestSet/benchmarks/tlsf_3/tsl_paper/EscalatorBidirectionalInit.tlsf,10000,300,0.3044,0.4088,0.0
/workspaces/Automata_SSM_Learning/TestSet/benchmarks/tlsf_3/tsl_paper/EscalatorBidirectionalInit.tlsf,10000,400,0.2605,0.477,0.0
/workspaces/Automata_SSM_Learning/TestSet/benchmarks/tlsf_3/tsl_paper/EscalatorBidirectionalInit.tlsf,10000,500,0.2288,0.5632,0.0
/workspaces/Automata_SSM_Learning/TestSet/benchmarks/tlsf_3/tsl_paper/EscalatorBidirectionalInit.tlsf,10000,600,0.2092,0.5893,0.0
/workspaces/Automata_SSM_Learning/TestSet/benchmarks/tlsf_3/tsl_paper/EscalatorBidirectionalInit.tlsf,10000,700,0.1969,0.6016,0.0
/workspaces/Automata_SSM_Learning/TestSet/benchmarks/tlsf_3/tsl_paper/EscalatorBidirectionalInit.tlsf,10000,800,0.1884,0.6102,0.0
/workspaces/Automata_SSM_Learning/TestSet/benchmarks/tlsf_3/tsl_paper/EscalatorBidirectionalInit.tlsf,10000,900,0.182,0.6203,0.0
/workspaces/Automata_SSM_Learning/TestSet/benchmarks/tlsf_3/tsl_paper/SliderDelayed.tlsf,10000,0,0.6847,0.0086,0.0
/workspaces/Automata_SSM_Learning/TestSet/benchmarks/tlsf_3/tsl_paper/SliderDelayed.tlsf,10000,100,0.4596,0.0,0.0
/workspaces/Automata_SSM_Learning/TestSet/benchmarks/tlsf_3/tsl_paper/SliderDelayed.tlsf,10000,200,0.4558,0.0,0.0
/workspaces/Automata_SSM_Learning/TestSet/benchmarks/tlsf_3/tsl_paper/SliderDelayed.tlsf,10000,300,0.4506,0.0,0.0
/workspaces/Automata_SSM_Learning/TestSet/benchmarks/tlsf_3/tsl_paper/SliderDelayed.tlsf,10000,400,0.4414,0.0,0.0
/workspaces/Automata_SSM_Learning/TestSet/benchmarks/tlsf_3/tsl_paper/SliderDelayed.tlsf,10000,500,0.4351,0.0,0.0
/workspaces/Automata_SSM_Learning/TestSet/benchmarks/tlsf_3/tsl_paper/SliderDelayed.tlsf,10000,600,0.4296,0.0021,0.0
/workspaces/Automata_SSM_Learning/TestSet/benchmarks/tlsf_3/tsl_paper/SliderDelayed.tlsf,10000,700,0.4246,0.0034,0.0
/workspaces/Automata_SSM_Learning/TestSet/benchmarks/tlsf_3/tsl_paper/SliderDelayed.tlsf,10000,800,0.4199,0.0173,0.0
/workspaces/Automata_SSM_Learning/TestSet/benchmarks/tlsf_3/tsl_paper/SliderDelayed.tlsf,10000,900,0.4154,0.0421,0.0
/workspaces/Automata_SSM_Learning/TestSet/benchmarks/tlsf_3/tsl_paper/SensorSelector.tlsf,10000,0,0.7056,0.0,0.0
/workspaces/Automata_SSM_Learning/TestSet/benchmarks/tlsf_3/tsl_paper/SensorSelector.tlsf,10000,100,0.3719,0.0,0.0
/workspaces/Automata_SSM_Learning/TestSet/benchmarks/tlsf_3/tsl_paper/SensorSelector.tlsf,10000,200,0.3612,0.0,0.0
/workspaces/Automata_SSM_Learning/TestSet/benchmarks/tlsf_3/tsl_paper/SensorSelector.tlsf,10000,300,0.3422,0.0,0.0
/workspaces/Automata_SSM_Learning/TestSet/benchmarks/tlsf_3/tsl_paper/SensorSelector.tlsf,10000,400,0.2736,0.1689,0.0
/workspaces/Automata_SSM_Learning/TestSet/benchmarks/tlsf_3/tsl_paper/SensorSelector.tlsf,10000,500,0.1683,0.7137,0.001
/workspaces/Automata_SSM_Learning/TestSet/benchmarks/tlsf_3/tsl_paper/SensorSelector.tlsf,10000,600,0.1022,0.9478,0.35
/workspaces/Automata_SSM_Learning/TestSet/benchmarks/tlsf_3/tsl_paper/SensorSelector.tlsf,10000,700,0.0797,0.9574,0.428
/workspaces/Automata_SSM_Learning/TestSet/benchmarks/tlsf_3/tsl_paper/SensorSelector.tlsf,10000,800,0.0689,0.9651,0.493
/workspaces/Automata_SSM_Learning/TestSet/benchmarks/tlsf_3/tsl_paper/SensorSelector.tlsf,10000,900,0.0637,0.9651,0.493
/workspaces/Automata_SSM_Learning/TestSet/benchmarks/tlsf/collector/parametric/collector_v1.tlsf,10000,0,0.6961,0.4419,0.0
/workspaces/Automata_SSM_Learning/TestSet/benchmarks/tlsf/collector/parametric/collector_v1.tlsf,10000,100,0.4654,0.7877,0.002
/workspaces/Automata_SSM_Learning/TestSet/benchmarks/tlsf/collector/parametric/collector_v1.tlsf,10000,200,0.3914,0.8053,0.013
/workspaces/Automata_SSM_Learning/TestSet/benchmarks/tlsf/collector/parametric/collector_v1.tlsf,10000,300,0.3682,0.8241,0.011
/workspaces/Automata_SSM_Learning/TestSet/benchmarks/tlsf/collector/parametric/collector_v1.tlsf,10000,400,0.3438,0.8364,0.022
/workspaces/Automata_SSM_Learning/TestSet/benchmarks/tlsf/collector/parametric/collector_v1.tlsf,10000,500,0.2765,0.8804,0.093
/workspaces/Automata_SSM_Learning/TestSet/benchmarks/tlsf/collector/parametric/collector_v1.tlsf,10000,600,0.2374,0.8914,0.135
/workspaces/Automata_SSM_Learning/TestSet/benchmarks/tlsf/collector/parametric/collector_v1.tlsf,10000,700,0.1097,0.9759,0.704
/workspaces/Automata_SSM_Learning/TestSet/benchmarks/tlsf/collector/parametric/collector_v1.tlsf,10000,800,0.0573,0.9849,0.804
/workspaces/Automata_SSM_Learning/TestSet/benchmarks/tlsf/collector/parametric/collector_v1.tlsf,10000,900,0.0416,0.9875,0.818
/workspaces/Automata_SSM_Learning/TestSet/benchmarks/tlsf/ltl2dba/non_parametric_from_acacia/ltl2dba26.tlsf,10000,0,0.6919,0.5126,0.0
/workspaces/Automata_SSM_Learning/TestSet/benchmarks/tlsf/ltl2dba/non_parametric_from_acacia/ltl2dba26.tlsf,10000,100,0.2134,0.9539,0.36
/workspaces/Automata_SSM_Learning/TestSet/benchmarks/tlsf/ltl2dba/non_parametric_from_acacia/ltl2dba26.tlsf,10000,200,0.1546,0.97,0.549
/workspaces/Automata_SSM_Learning/TestSet/benchmarks/tlsf/ltl2dba/non_parametric_from_acacia/ltl2dba26.tlsf,10000,300,0.0896,0.9734,0.585
/workspaces/Automata_SSM_Learning/TestSet/benchmarks/tlsf/ltl2dba/non_parametric_from_acacia/ltl2dba26.tlsf,10000,400,0.0669,0.9738,0.589
/workspaces/Automata_SSM_Learning/TestSet/benchmarks/tlsf/ltl2dba/non_parametric_from_acacia/ltl2dba26.tlsf,10000,500,0.0592,0.9738,0.589
/workspaces/Automata_SSM_Learning/TestSet/benchmarks/tlsf/ltl2dba/non_parametric_from_acacia/ltl2dba26.tlsf,10000,600,0.0556,0.9748,0.584
/workspaces/Automata_SSM_Learning/TestSet/benchmarks/tlsf/ltl2dba/non_parametric_from_acacia/ltl2dba26.tlsf,10000,700,0.0535,0.9748,0.584
/workspaces/Automata_SSM_Learning/TestSet/benchmarks/tlsf/ltl2dba/non_parametric_from_acacia/ltl2dba26.tlsf,10000,800,0.052,0.9748,0.584
/workspaces/Automata_SSM_Learning/TestSet/benchmarks/tlsf/ltl2dba/non_parametric_from_acacia/ltl2dba26.tlsf,10000,900,0.0509,0.9748,0.584
/workspaces/Automata_SSM_Learning/TestSet/benchmarks/tlsf/ltl2dpa/ltl2dpa10.tlsf,10000,0,0.6955,0.2951,0.0
/workspaces/Automata_SSM_Learning/TestSet/benchmarks/tlsf/ltl2dpa/ltl2dpa10.tlsf,10000,100,0.615,0.035,0.0
/workspaces/Automata_SSM_Learning/TestSet/benchmarks/tlsf/ltl2dpa/ltl2dpa10.tlsf,10000,200,0.5466,0.3335,0.0
/workspaces/Automata_SSM_Learning/TestSet/benchmarks/tlsf/ltl2dpa/ltl2dpa10.tlsf,10000,300,0.4351,0.5139,0.0
/workspaces/Automata_SSM_Learning/TestSet/benchmarks/tlsf/ltl2dpa/ltl2dpa10.tlsf,10000,400,0.2903,0.7579,0.089
/workspaces/Automata_SSM_Learning/TestSet/benchmarks/tlsf/ltl2dpa/ltl2dpa10.tlsf,10000,500,0.1924,0.8497,0.241
/workspaces/Automata_SSM_Learning/TestSet/benchmarks/tlsf/ltl2dpa/ltl2dpa10.tlsf,10000,600,0.1238,0.9239,0.476
/workspaces/Automata_SSM_Learning/TestSet/benchmarks/tlsf/ltl2dpa/ltl2dpa10.tlsf,10000,700,0.0815,0.9576,0.621
/workspaces/Automata_SSM_Learning/TestSet/benchmarks/tlsf/ltl2dpa/ltl2dpa10.tlsf,10000,800,0.0574,0.9722,0.729
/workspaces/Automata_SSM_Learning/TestSet/benchmarks/tlsf/ltl2dpa/ltl2dpa10.tlsf,10000,900,0.0428,0.9791,0.791
/workspaces/Automata_SSM_Learning/TestSet/benchmarks/tlsf/ltl2dpa/ltl2dpa13.tlsf,10000,0,0.6888,0.3873,0.0
/workspaces/Automata_SSM_Learning/TestSet/benchmarks/tlsf/ltl2dpa/ltl2dpa13.tlsf,10000,100,0.5875,0.179,0.0
/workspaces/Automata_SSM_Learning/TestSet/benchmarks/tlsf/ltl2dpa/ltl2dpa13.tlsf,10000,200,0.5473,0.218,0.0
/workspaces/Automata_SSM_Learning/TestSet/benchmarks/tlsf/ltl2dpa/ltl2dpa13.tlsf,10000,300,0.2334,0.8349,0.302
/workspaces/Automata_SSM_Learning/TestSet/benchmarks/tlsf/ltl2dpa/ltl2dpa13.tlsf,10000,400,0.1851,0.8694,0.184
/workspaces/Automata_SSM_Learning/TestSet/benchmarks/tlsf/ltl2dpa/ltl2dpa13.tlsf,10000,500,0.1457,0.9064,0.362
/workspaces/Automata_SSM_Learning/TestSet/benchmarks/tlsf/ltl2dpa/ltl2dpa13.tlsf,10000,600,0.1066,0.941,0.456
/workspaces/Automata_SSM_Learning/TestSet/benchmarks/tlsf/ltl2dpa/ltl2dpa13.tlsf,10000,700,0.0795,0.9661,0.658
/workspaces/Automata_SSM_Learning/TestSet/benchmarks/tlsf/ltl2dpa/ltl2dpa13.tlsf,10000,800,0.0588,0.9748,0.738
/workspaces/Automata_SSM_Learning/TestSet/benchmarks/tlsf/ltl2dpa/ltl2dpa13.tlsf,10000,900,0.0438,0.9843,0.798
/workspaces/Automata_SSM_Learning/TestSet/benchmarks/tlsf_2/sweap/arbiter-with-failure-real.tlsf,10000,0,0.6973,0.3171,0.0
/workspaces/Automata_SSM_Learning/TestSet/benchmarks/tlsf_2/sweap/arbiter-with-failure-real.tlsf,10000,100,0.3806,0.6383,0.0
/workspaces/Automata_SSM_Learning/TestSet/benchmarks/tlsf_2/sweap/arbiter-with-failure-real.tlsf,10000,200,0.3134,0.7234,0.003
/workspaces/Automata_SSM_Learning/TestSet/benchmarks/tlsf_2/sweap/arbiter-with-failure-real.tlsf,10000,300,0.2858,0.7295,0.002
/workspaces/Automata_SSM_Learning/TestSet/benchmarks/tlsf_2/sweap/arbiter-with-failure-real.tlsf,10000,400,0.2688,0.7499,0.005
/workspaces/Automata_SSM_Learning/TestSet/benchmarks/tlsf_2/sweap/arbiter-with-failure-real.tlsf,10000,500,0.2538,0.7635,0.004
/workspaces/Automata_SSM_Learning/TestSet/benchmarks/tlsf_2/sweap/arbiter-with-failure-real.tlsf,10000,600,0.2432,0.7755,0.006
/workspaces/Automata_SSM_Learning/TestSet/benchmarks/tlsf_2/sweap/arbiter-with-failure-real.tlsf,10000,700,0.2341,0.7856,0.007
/workspaces/Automata_SSM_Learning/TestSet/benchmarks/tlsf_2/sweap/arbiter-with-failure-real.tlsf,10000,800,0.2238,0.8005,0.009
/workspaces/Automata_SSM_Learning/TestSet/benchmarks/tlsf_2/sweap/arbiter-with-failure-real.tlsf,10000,900,0.2131,0.8095,0.018
/workspaces/Automata_SSM_Learning/TestSet/benchmarks/tlsf/lift/parametric/lift_gr1+.tlsf,10000,0,0.6869,0.0,0.0
/workspaces/Automata_SSM_Learning/TestSet/benchmarks/tlsf/lift/parametric/lift_gr1+.tlsf,10000,100,0.3805,0.4379,0.0
/workspaces/Automata_SSM_Learning/TestSet/benchmarks/tlsf/lift/parametric/lift_gr1+.tlsf,10000,200,0.331,0.5191,0.0
/workspaces/Automata_SSM_Learning/TestSet/benchmarks/tlsf/lift/parametric/lift_gr1+.tlsf,10000,300,0.2913,0.5974,0.0
/workspaces/Automata_SSM_Learning/TestSet/benchmarks/tlsf/lift/parametric/lift_gr1+.tlsf,10000,400,0.2645,0.648,0.0
/workspaces/Automata_SSM_Learning/TestSet/benchmarks/tlsf/lift/parametric/lift_gr1+.tlsf,10000,500,0.2364,0.6714,0.0
/workspaces/Automata_SSM_Learning/TestSet/benchmarks/tlsf/lift/parametric/lift_gr1+.tlsf,10000,600,0.2195,0.6761,0.0
/workspaces/Automata_SSM_Learning/TestSet/benchmarks/tlsf/lift/parametric/lift_gr1+.tlsf,10000,700,0.2082,0.6756,0.0
/workspaces/Automata_SSM_Learning/TestSet/benchmarks/tlsf/lift/parametric/lift_gr1+.tlsf,10000,800,0.1999,0.6787,0.0
/workspaces/Automata_SSM_Learning/TestSet/benchmarks/tlsf/lift/parametric/lift_gr1+.tlsf,10000,900,0.1936,0.6897,0.0
/workspaces/Automata_SSM_Learning/TestSet/benchmarks/tlsf_3/tsl_paper/SPIReadSdi.tlsf,10000,0,0.724,0.0,0.0
/workspaces/Automata_SSM_Learning/TestSet/benchmarks/tlsf_3/tsl_paper/SPIReadSdi.tlsf,10000,100,0.4361,0.4093,0.0
/workspaces/Automata_SSM_Learning/TestSet/benchmarks/tlsf_3/tsl_paper/SPIReadSdi.tlsf,10000,200,0.3367,0.653,0.0
/workspaces/Automata_SSM_Learning/TestSet/benchmarks/tlsf_3/tsl_paper/SPIReadSdi.tlsf,10000,300,0.3158,0.6606,0.0
/workspaces/Automata_SSM_Learning/TestSet/benchmarks/tlsf_3/tsl_paper/SPIReadSdi.tlsf,10000,400,0.3085,0.6553,0.0
/workspaces/Automata_SSM_Learning/TestSet/benchmarks/tlsf_3/tsl_paper/SPIReadSdi.tlsf,10000,500,0.3051,0.6552,0.0
/workspaces/Automata_SSM_Learning/TestSet/benchmarks/tlsf_3/tsl_paper/SPIReadSdi.tlsf,10000,600,0.3034,0.6556,0.0
/workspaces/Automata_SSM_Learning/TestSet/benchmarks/tlsf_3/tsl_paper/SPIReadSdi.tlsf,10000,700,0.3024,0.6556,0.0
/workspaces/Automata_SSM_Learning/TestSet/benchmarks/tlsf_3/tsl_paper/SPIReadSdi.tlsf,10000,800,0.3017,0.6554,0.0
/workspaces/Automata_SSM_Learning/TestSet/benchmarks/tlsf_3/tsl_paper/SPIReadSdi.tlsf,10000,900,0.3013,0.6555,0.0
/workspaces/Automata_SSM_Learning/TestSet/benchmarks/tlsf/ltl2dpa/ltl2dpa12.tlsf,10000,0,0.6599,0.0461,0.0
/workspaces/Automata_SSM_Learning/TestSet/benchmarks/tlsf/ltl2dpa/ltl2dpa12.tlsf,10000,100,0.4283,0.368,0.0
/workspaces/Automata_SSM_Learning/TestSet/benchmarks/tlsf/ltl2dpa/ltl2dpa12.tlsf,10000,200,0.4222,0.3888,0.0
/workspaces/Automata_SSM_Learning/TestSet/benchmarks/tlsf/ltl2dpa/ltl2dpa12.tlsf,10000,300,0.4062,0.426,0.0
/workspaces/Automata_SSM_Learning/TestSet/benchmarks/tlsf/ltl2dpa/ltl2dpa12.tlsf,10000,400,0.3228,0.6138,0.0
/workspaces/Automata_SSM_Learning/TestSet/benchmarks/tlsf/ltl2dpa/ltl2dpa12.tlsf,10000,500,0.2432,0.6973,0.002
/workspaces/Automata_SSM_Learning/TestSet/benchmarks/tlsf/ltl2dpa/ltl2dpa12.tlsf,10000,600,0.172,0.7973,0.023
/workspaces/Automata_SSM_Learning/TestSet/benchmarks/tlsf/ltl2dpa/ltl2dpa12.tlsf,10000,700,0.1306,0.886,0.175
/workspaces/Automata_SSM_Learning/TestSet/benchmarks/tlsf/ltl2dpa/ltl2dpa12.tlsf,10000,800,0.1092,0.9035,0.236
/workspaces/Automata_SSM_Learning/TestSet/benchmarks/tlsf/ltl2dpa/ltl2dpa12.tlsf,10000,900,0.0963,0.9071,0.246
